Zip Code,Zip Code,Review Count,Price,Average Rating
0,90001,3056,,3.917866492146597
1,90002,4943,,4.124924135140603
2,90003,6564,,4.249542961608775
3,90004,12633,,4.260547771709016
4,90005,13671,,4.324738497549557
5,90006,17445,,4.3182287188306105
6,90007,14572,,4.387455393906121
7,90008,8072,,4.2590436075322105
8,90009,678,,3.400442477876106
9,90010,11251,,4.340236423429029
10,90011,14376,,4.297405397885364
11,90012,32356,,4.145629867721597
12,90013,33174,,4.152920962199313
13,90014,21301,,4.17926388432468
14,90015,17633,,4.1470538195429025
15,90016,13053,,4.402244694706198
16,90017,21328,,4.150248499624906
17,90018,10205,,4.369867711905928
18,90019,20236,,4.442429333860447
19,90020,12277,,4.3003176671825365
20,90021,19711,,4.206864187509512
21,90022,7060,,4.24171388101983
22,90023,15435,,4.231616456106252
23,90024,15643,,4.147957552899061
24,90025,14341,,4.045045673244544
25,90026,22151,,4.170330910568372
26,90027,13624,,4.2014459776864355
27,90028,12587,,4.133192976880909
28,90029,17532,,4.197068218115446
29,90030,14949,,4.047829286239883
30,90031,17174,,4.302142773960639
31,90032,9219,,4.251003362620675
32,90033,22417,,4.245461034036668
33,90034,14369,,4.10087688774445
34,90035,12224,,4.36620582460733
35,90036,23362,,4.208886225494393
36,90037,5496,,4.476437409024745
37,90038,17242,,4.1662510149634615
38,90039,14658,,4.371537726838587
39,90040,3440,,4.536627906976745
40,90041,8493,,4.168609443070764
41,90042,7064,,4.129459229898075
42,90043,5564,,4.333662832494608
43,90044,5490,,4.455009107468124
44,90045,16019,,4.231693613833572
45,90046,22837,,4.123615185882559
46,90047,7911,,4.417267096447984
47,90048,16542,,4.1656087534760005
48,90049,15403,,4.338278257482308
49,90050,6017,,3.970666445072295
50,90051,1211,,4.0677126341866225
51,90052,2264,,3.696333922261484
52,90053,26258,,4.0414159494249375
53,90054,14949,,4.047829286239883
54,90055,1028,,4.036964980544747
55,90056,6121,,4.182731579807221
56,90057,9256,,4.128565254969749
57,90058,4026,,4.394187779433681
58,90059,5044,,4.2065820777160985
59,90060,14949,,4.047829286239883
60,90061,9758,,4.134966181594589
61,90062,5919,,4.429295489102889
62,90063,18081,,4.1362479951330124
63,90064,21458,,4.005242799888154
64,90065,16841,,4.386912891158483
65,90066,11485,,4.2804527644754025
66,90067,10559,,4.085566815039303
67,90068,15971,,4.239778348256214
68,90069,15046,,4.143393592981523
69,90070,5488,,4.014668367346939
70,90071,23488,,4.1799216621253406
71,90072,2683,,3.6844949683190458
72,90073,11903,,4.078299588339074
73,90074,9145,,3.9700382722799343
74,90075,5328,,4.010322822822823
75,90076,5328,,4.010322822822823
76,90077,16787,,4.254512420325252
77,90078,12429,,3.848298334540188
78,90079,7019,,4.042456190340505
79,90080,3325,,4.101503759398496
80,90081,15437,,4.040487141283928
81,90082,640,,4.01484375
82,90083,8109,,3.9739178690344064
83,90084,9145,,3.9700382722799343
84,90086,14949,,4.047829286239883
85,90087,14949,,4.047829286239883
86,90088,9145,,3.9700382722799343
87,90089,7933,,4.206542291692928
88,90091,2567,,3.664783794312427
89,90093,13879,,3.8565818863030477
90,90094,7372,,3.9774823657080844
91,90095,9121,,3.997697620874904
92,90096,1365,,4.282417582417582
93,90099,14949,,4.047829286239883
94,90101,2791,,3.917950555356503
95,90102,190,,4.239473684210527
96,90103,183,,3.819672131147541
97,90189,12524,,4.357433727243692
98,90201,4397,,4.389242665453718
99,90202,562,,3.5409252669039146
100,90209,12956,,4.183930225378203
101,90210,15015,,4.140992340992341
102,90211,15298,,4.249182899725454
103,90212,13263,,4.184535927015004
104,90213,9966,,3.9509331727874772
105,90220,5742,,4.208202716823407
106,90221,5225,,4.374066985645933
107,90222,2851,,4.180638372500876
108,90223,2160,,3.7717592592592593
109,90224,2225,,3.817303370786517
110,90230,9598,,4.316315899145655
111,90231,3601,,3.74576506525965
112,90232,14782,,4.098058449465566
113,90233,2777,,3.0135037810586964
114,90239,5886,,3.7696228338430173
115,90240,14130,,4.206121726822364
116,90241,12857,,4.2766975188613205
117,90242,13691,,4.325140603316047
118,90245,14219,,4.2616217736831
119,90247,10628,,4.091926985321791
120,90248,11420,,4.163397548161121
121,90249,11764,,4.161467188031282
122,90250,10020,,4.411127744510978
123,90251,1254,,3.677830940988836
124,90254,9111,,4.276918011195258
125,90255,2551,,4.455703645629165
126,90260,13364,,4.373690511822807
127,90261,6471,,3.6345232576108795
128,90262,3117,,4.285049727301893
129,90263,4427,,3.683871696408403
130,90264,4704,,3.6425382653061225
131,90265,18532,,3.8247625728469674
132,90266,17756,,4.222206578058121
133,90267,14555,,4.16722775678461
134,90270,2945,,4.259932088285229
135,90272,8736,,4.119562728937729
136,90274,6865,,4.204952658412236
137,90275,5475,,4.105388127853881
138,90277,8951,,4.307675120098313
139,90278,15130,,4.452048909451421
140,90280,4466,,4.398231079265562
141,90290,10876,,3.8744023538065466
142,90291,14587,,4.192294508809214
143,90292,14578,,4.211277267114831
144,90293,10189,,4.025714005299833
145,90294,4488,,3.7469919786096257
146,90295,2513,,3.9315559092717867
147,90296,6032,,3.9108090185676394
148,90301,8899,,4.221710304528599
149,90302,7973,,4.170387558008278
150,90303,2405,,4.007484407484408
151,90304,2436,,4.216748768472907
152,90305,2804,,3.908523537803138
153,90306,2281,,3.953309951775537
154,90307,2281,,3.953309951775537
155,90308,2281,,3.953309951775537
156,90309,7696,,4.082380457380458
157,90310,1267,,3.6771902131018153
158,90311,2281,,3.953309951775537
159,90312,2281,,3.953309951775537
160,90313,2215,,3.7038374717832956
161,90397,4172,,4.179050814956855
162,90398,2215,,3.7038374717832956
163,90401,24497,,4.11789198677389
164,90402,17439,,4.070330867595619
165,90403,20502,,4.1035752609501515
166,90404,15331,,4.10589654947492
167,90405,16351,,4.16500519845881
168,90406,7353,,3.545015639874881
169,90407,21688,,4.131870158613058
170,90408,11376,,3.8717914908579467
171,90409,9113,,3.870843849445847
172,90410,7353,,3.545015639874881
173,90411,7353,,3.545015639874881
174,90501,7353,,4.2956616347069225
175,90502,5062,,4.396088502568155
176,90503,10278,,4.3653434520334695
177,90504,13723,,4.242658310864972
178,90505,7589,,4.203979443932007
179,90506,4154,,3.9914540202214734
180,90507,5627,,3.9976897103252176
181,90508,5627,,3.9976897103252176
182,90509,8075,,4.0506501547987614
183,90510,12852,,4.275482415188297
184,90601,6988,,4.103820835718374
185,90602,6261,,4.221210669222169
186,90603,5490,,4.301183970856102
187,90604,5741,,4.27251349939035
188,90605,6076,,4.200789993416722
189,90606,7715,,4.072326636422553
190,90607,3575,,3.8496503496503496
191,90608,6141,,3.9168702165771045
192,90609,6928,,4.130412817551963
193,90610,1454,,3.404057771664374
194,90612,7325,,4.090511945392492
195,90620,10981,,4.260859666697022
196,90621,7956,,4.30982905982906
197,90622,10438,,3.9249377275340103
198,90623,11153,,4.221868555545593
199,90624,6341,,4.0425800346948435
200,90630,9428,,4.279327535002121
201,90631,7284,,4.236202635914333
202,90632,2902,,3.533252929014473
203,90633,2902,,3.533252929014473
204,90637,5504,,3.9465843023255816
205,90638,9544,,4.261735121542331
206,90639,4070,,4.064619164619165
207,90640,12604,,4.265986988257696
208,90650,8427,,4.343004627981488
209,90651,2207,,4.041232442229271
210,90652,2207,,4.041232442229271
211,90659,2207,,4.041232442229271
212,90660,8714,,4.059157677300895
213,90661,2939,,3.681864579789044
214,90662,2939,,3.681864579789044
215,90670,8710,,4.337657864523536
216,90671,2766,,3.702639190166305
217,90680,10129,,4.246223714088261
218,90701,10073,,4.289784572619875
219,90702,4242,,3.8235502121640734
220,90703,11903,,4.272956397546837
221,90704,7084,,3.731931112365895
222,90706,11114,,4.33556775238438
223,90707,4308,,4.025533890436398
224,90710,2939,,4.30248383804015
225,90711,3055,,3.3266775777414077
226,90712,13453,,4.359139225451572
227,90713,11086,,4.27083709182753
228,90714,3055,,3.3266775777414077
229,90715,9584,,4.236696577629382
230,90716,4738,,4.036618826509075
231,90717,4057,,4.349642593049051
232,90720,8451,,4.061472015146137
233,90721,2618,,3.8852177234530174
234,90723,9142,,4.425125793043097
235,90731,6257,,4.154307175962922
236,90732,6022,,4.214463633344404
237,90733,5813,,3.9795286426974026
238,90734,3072,,4.048828125
239,90740,18001,,4.200655519137825
240,90742,2884,,3.805478502080444
241,90743,4330,,3.9827944572748266
242,90744,2373,,4.359671302149178
243,90745,5027,,4.075591804257012
244,90746,6730,,4.079346210995542
245,90747,3033,,4.05242334322453
246,90748,302,,4.127483443708609
247,90749,1414,,3.992574257425743
248,90755,12214,,4.319796954314721
249,90801,14906,,4.092211190124782
250,90802,15623,,4.153299622351661
251,90803,19757,,4.198689072227565
252,90804,16846,,4.1718805651193165
253,90805,8889,,4.340476994037575
254,90806,13618,,4.26916580995741
255,90807,9571,,4.181433497022255
256,90808,10012,,4.255643228126249
257,90809,10136,,4.1396507498026835
258,90810,5710,,4.356654991243433
259,90813,13616,,4.161023795534665
260,90814,18667,,4.200380350350887
261,90815,17831,,4.187566597498738
262,90822,1178,,4.244057724957555
263,90831,2580,,3.522286821705426
264,90832,281,,3.8398576512455516
265,90833,386,,3.856217616580311
266,90834,305,,3.9344262295081966
267,90835,386,,3.856217616580311
268,90840,6013,,4.010477299185099
269,90842,7323,,4.067800081933634
270,90844,1346,,3.734398216939079
271,90845,48,,4.447916666666667
272,90846,4291,,3.851899324166861
273,90847,7323,,4.067800081933634
274,90848,7323,,4.067800081933634
275,90853,3199,,4.028758987183495
276,90888,14270,,4.097967764540995
277,90895,675,,3.719259259259259
278,90899,14844,,4.291700350309889
279,91001,6539,,4.3076923076923075
280,91003,1550,,3.801290322580645
281,91006,5665,,4.0316857899382175
282,91007,7272,,4.014507700770077
283,91009,2214,,2.906052393857272
284,91010,4076,,3.935107948969578
285,91011,5272,,4.23548937784522
286,91012,6475,,4.123088803088803
287,91016,4038,,4.1565131253095595
288,91017,4755,,4.115141955835962
289,91020,7043,,4.190330824932557
290,91021,6475,,4.123088803088803
291,91023,1481,,4.084064821066847
292,91024,6226,,4.156681657565049
293,91025,2346,,3.7263427109974425
294,91030,9807,,4.028041195064749
295,91031,3071,,3.7583848909150115
296,91040,2859,,4.334032878628891
297,91041,1172,,4.103668941979522
298,91042,3461,,4.420976596359433
299,91043,953,,4.055089192025184
300,91046,949,,4.473656480505795
301,91066,5564,,4.029115744069015
302,91077,10874,,4.009794004046349
303,91101,7073,,4.243178283613743
304,91102,4663,,4.068947029809136
305,91103,8788,,4.218365953573054
306,91104,9746,,4.209573158218756
307,91105,14954,,4.136886451785475
308,91106,13384,,4.144837118947998
309,91107,9920,,4.284879032258065
310,91108,12881,,4.208601816629144
311,91109,1485,,3.708754208754209
312,91110,735,,3.5421768707482992
313,91114,2417,,3.631361191559785
314,91115,13408,,3.884210918854415
315,91116,3756,,3.70993077742279
316,91117,1324,,3.5302114803625377
317,91118,2534,,4.013220205209156
318,91121,7784,,4.037512846865365
319,91123,12065,,4.00588479071695
320,91124,11889,,4.144377155353689
321,91125,11359,,4.162470287877454
322,91126,11307,,4.0782258777748295
323,91129,10807,,4.216156195058758
324,91131,106,,4.452830188679245
325,91182,10125,,4.15362962962963
326,91184,11138,,4.162327168252828
327,91185,735,,3.5421768707482992
328,91188,642,,3.630841121495327
329,91189,3523,,4.035623048538178
330,91191,5599,,3.8546168958742633
331,91199,8678,,4.221479603595299
332,91201,8708,,4.12459807073955
333,91202,6135,,4.199266503667482
334,91203,15103,,4.341058067933523
335,91204,14534,,4.223510389431677
336,91205,9558,,4.167817535049173
337,91206,9549,,4.2815478060529895
338,91207,9886,,4.246156180457212
339,91208,5360,,4.227985074626866
340,91209,15477,,4.302351876978743
341,91210,18295,,4.316425252801312
342,91214,3982,,4.38774485183325
343,91221,4681,,4.128498184148686
344,91222,13018,,4.302965125211246
345,91224,811,,3.7657213316892726
346,91225,1681,,3.9312908982748365
347,91226,1681,,3.9312908982748365
348,91301,7120,,4.249648876404494
349,91302,7651,,4.159783034897399
350,91303,8196,,4.249877989263055
351,91304,4979,,4.386623820044186
352,91305,2734,,4.211777615215801
353,91306,5545,,4.450045085662759
354,91307,7387,,4.24901854609449
355,91308,1248,,4.058092948717949
356,91309,3373,,4.08775570708568
357,91310,1492,,4.21514745308311
358,91311,5350,,4.3932710280373835
359,91313,5529,,3.993308012298788
360,91316,12297,,4.166178742782793
361,91319,2744,,3.737609329446064
362,91320,4763,,4.12376653369725
363,91321,7765,,4.3416613007083065
364,91322,784,,3.579719387755102
365,91324,8366,,4.247728902701411
366,91325,7448,,4.433472073039742
367,91326,8665,,4.08199653779573
368,91327,2246,,3.8873552983081034
369,91328,8829,,4.262090837014385
370,91329,2833,,3.7730321214260503
371,91330,9926,,4.079286721740883
372,91331,4287,,4.489503149055284
373,91333,1154,,3.9228769497400346
374,91334,2185,,4.215331807780321
375,91335,9999,,4.225272527252725
376,91337,2048,,4.265380859375
377,91340,3615,,4.3308437067773164
378,91341,747,,3.8299866131191433
379,91342,4726,,4.458421498095641
380,91343,6044,,4.471624751819987
381,91344,9161,,4.113524724375068
382,91345,5215,,4.261553211888782
383,91346,540,,3.6287037037037035
384,91350,6700,,4.335746268656717
385,91351,5523,,4.324913996016658
386,91352,7555,,4.238186631369953
387,91353,866,,3.8250577367205545
388,91354,6044,,4.199040370615487
389,91355,6275,,4.215697211155378
390,91356,11755,,4.2688217779668225
391,91357,1983,,3.8923348461926373
392,91358,3113,,4.108898168968841
393,91359,4114,,4.138915896937287
394,91360,5530,,4.313471971066908
395,91361,11172,,4.078097028284998
396,91362,7159,,4.353890208129627
397,91363,142,,4.264084507042254
398,91364,7064,,4.2716591166477915
399,91365,8159,,4.030089471748989
400,91367,10216,,4.197826938136257
401,91371,7898,,4.21663712332236
402,91372,7822,,3.760547174635643
403,91376,3496,,3.7035183066361554
404,91377,5736,,4.234832635983263
405,91380,3445,,4.32656023222061
406,91381,8470,,4.35271546635183
407,91382,3267,,3.9759718396082033
408,91383,1202,,3.5910981697171382
409,91384,2659,,4.493606619029711
410,91385,2686,,3.297654504839911
411,91386,4147,,4.182903303592958
412,91387,5083,,4.366614204210112
413,91388,3529,,4.168319637291018
414,91390,3837,,4.355355746677091
415,91392,783,,4.150702426564496
416,91393,5564,,4.104241552839683
417,91394,5147,,4.090343889644453
418,91395,2701,,3.573121066271751
419,91396,2101,,4.247739171822942
420,91399,86,,4.47093023255814
421,91401,9562,,4.442742104162309
422,91402,6082,,4.472870766195331
423,91403,13168,,4.177095990279465
424,91404,1739,,4.0025876940770555
425,91405,6640,,4.421009036144579
426,91406,9504,,4.359164562289562
427,91407,1739,,4.0025876940770555
428,91408,1739,,4.0025876940770555
429,91409,4256,,4.124765037593985
430,91410,3492,,3.9116552119129437
431,91411,8515,,4.4204345273047565
432,91412,820,,3.352439024390244
433,91413,13312,,4.1215069110576925
434,91416,13540,,4.276218611521418
435,91423,12291,,4.2272394434952405
436,91426,3930,,3.7090330788804073
437,91436,9698,,4.280676428129511
438,91470,3492,,3.9116552119129437
439,91482,3492,,3.9116552119129437
440,91495,3492,,3.9116552119129437
441,91496,3492,,3.9116552119129437
442,91497,79,,3.892405063291139
443,91499,3492,,3.9116552119129437
444,91501,10835,,4.120350715274573
445,91502,11504,,4.115220792767733
446,91503,10474,,4.244462478518235
447,91504,10075,,4.210322580645161
448,91505,19450,,4.346426735218509
449,91506,18902,,4.343746693471591
450,91507,1120,,3.7517857142857145
451,91508,4451,,3.55841383958661
452,91510,3066,,3.7407045009784734
453,91521,494,,3.695344129554656
454,91522,2540,,3.96003937007874
455,91523,3688,,3.5801247288503255
456,91526,12725,,4.292573673870334
457,91601,11916,,4.294561933534744
458,91602,13554,,4.334329349269589
459,91603,6642,,3.609229147847034
460,91604,13068,,4.208065503520049
461,91605,11203,,4.335311970008034
462,91606,11693,,4.303771487214573
463,91607,7117,,4.220809329773781
464,91608,8242,,4.129519534093666
465,91609,1840,,3.893478260869565
466,91610,10009,,4.132131082026176
467,91611,930,,3.871505376344086
468,91612,930,,3.871505376344086
469,91614,12402,,4.204483147879374
470,91615,2356,,4.3900679117147705
471,91616,3861,,4.311836311836312
472,91617,5329,,4.057890786263839
473,91618,1434,,4.089609483960948
474,91701,7179,,4.398941356734921
475,91702,3778,,4.298438327157226
476,91706,4627,,4.432245515452777
477,91708,6289,,4.389648592781047
478,91709,5701,,4.311436590071917
479,91710,6997,,4.347434614834929
480,91711,10844,,4.0541774253043155
481,91714,2404,,3.69779534109817
482,91715,6870,,3.9022561863173215
483,91716,2404,,3.69779534109817
484,91722,8642,,4.33065262670678
485,91723,9508,,4.269615061001262
486,91724,6571,,4.385405569928474
487,91729,6667,,3.9802009899505024
488,91730,6824,,4.37507327080891
489,91731,9118,,4.041072603641149
490,91732,4175,,4.207904191616766
491,91733,9397,,4.12104927104395
492,91734,2505,,3.788423153692615
493,91735,3082,,4.1172939649578195
494,91737,6272,,4.254464285714286
495,91739,10080,,4.266914682539682
496,91740,3889,,4.357032656209823
497,91741,5574,,4.351004664513814
498,91743,1970,,4.203807106598985
499,91744,6991,,4.25497067658418
500,91745,6878,,4.166618202965979
501,91746,6024,,4.157951527224435
502,91747,2137,,3.7662611137108097
503,91748,9471,,4.082567838665399
504,91749,2641,,3.7480121166224913
505,91750,6321,,4.197753520012657
506,91752,4114,,4.2689596499756925
507,91754,15088,,4.092788971367974
508,91755,12009,,4.06640852693813
509,91756,6945,,3.9865370770338373
510,91758,1720,,3.546802325581395
511,91759,3294,,4.298573163327261
512,91761,2987,,4.121359223300971
513,91762,6698,,4.059570020901762
514,91763,7901,,4.048728009112771
515,91764,11397,,4.226770202684917
516,91765,5653,,4.425084026180789
517,91766,6871,,4.151360791733373
518,91767,10414,,4.099673516420204
519,91768,3924,,4.321355759429154
520,91769,4095,,4.064468864468864
521,91770,14837,,4.086473006672508
522,91771,3244,,3.4773427866831073
523,91772,3244,,3.4773427866831073
524,91773,4892,,4.155253475061325
525,91775,12631,,4.124059852743251
526,91776,14915,,4.0892390211196785
527,91778,15976,,4.063532799198798
528,91780,11559,,4.024180292412838
529,91784,5117,,4.348739495798319
530,91785,7541,,4.287229810369977
531,91786,7090,,4.236812411847673
532,91788,3195,,3.9389671361502345
533,91789,9966,,4.468994581577363
534,91790,7157,,4.228098365236831
535,91791,10221,,4.180217199882595
536,91792,7043,,4.350986795399687
537,91793,2719,,3.8745862449429938
538,91795,190,,4.094736842105263
539,91797,4095,,4.064468864468864
540,91798,89,,4.106741573033708
541,91799,64,,4.375
542,91801,14634,,4.078652453191198
543,91802,9998,,3.893628725745149
544,91803,16916,,4.120861905887916
545,91804,14634,,4.078652453191198
546,91841,47,,4.5212765957446805
547,91896,13434,,4.085492035134733
548,91899,13434,,4.085492035134733
549,91901,3046,,3.981122783978989
550,91902,6574,,4.295177973836325
551,91903,2473,,3.955721795390214
552,91905,942,,3.8519108280254777
553,91906,599,,3.8831385642737897
554,91908,1466,,4.072987721691678
555,91909,2853,,3.763932702418507
556,91910,8976,,4.447693850267379
557,91911,7910,,4.431921618204804
558,91912,8876,,4.403391167192429
559,91913,4865,,4.261562178828366
560,91914,3646,,3.767279210093253
561,91915,3718,,3.8534158149542765
562,91916,2085,,3.837170263788969
563,91917,1418,,4.513046544428773
564,91921,1008,,3.720734126984127
565,91931,1874,,3.867129135538954
566,91932,3846,,4.229849193967759
567,91933,766,,4.1377284595300265
568,91934,303,,4.422442244224422
569,91935,3278,,4.473154362416107
570,91941,10789,,4.396514968949856
571,91942,8345,,4.394787297783104
572,91943,1647,,4.536126290224651
573,91944,9191,,4.271896420411272
574,91945,7857,,4.379661448389971
575,91946,1761,,3.823963657013061
576,91947,1559,,4.504810776138551
577,91948,983,,3.6373346897253307
578,91950,6083,,4.37769192832484
579,91951,1366,,3.6332357247437774
580,91962,3485,,4.1799139167862265
581,91963,272,,4.139705882352941
582,91976,3907,,4.425646275915025
583,91977,6525,,4.454022988505747
584,91978,5169,,4.288353646740182
585,91979,745,,4.368456375838926
586,91980,207,,4.190821256038648
587,91987,104,,4.269230769230769
588,91990,143,,4.496503496503497
589,92003,1469,,4.103812117086453
590,92004,3368,,4.260243467933492
591,92007,8538,,4.144706020145233
592,92008,12464,,4.3282252888318355
593,92009,8086,,4.031535988127628
594,92010,10057,,4.290146166848961
595,92011,11668,,4.1475831333561874
596,92013,4395,,3.6984072810011375
597,92014,8151,,4.104281683229051
598,92018,11005,,4.00940481599273
599,92019,2935,,4.47206132879046
600,92020,3356,,4.400327771156138
601,92021,2799,,4.438906752411576
602,92022,2953,,4.0971892990179475
603,92023,8004,,4.069277861069465
604,92024,7100,,4.111971830985915
605,92025,7865,,4.3444373808010175
606,92026,10227,,4.240246406570842
607,92027,6114,,4.4569021916912
608,92028,3290,,4.23936170212766
609,92029,11707,,4.215896472196122
610,92030,1108,,4.03971119133574
611,92033,7256,,4.422822491730981
612,92036,5609,,4.096452130504546
613,92037,13943,,4.241268019794879
614,92038,15271,,4.145602776504486
615,92039,15838,,4.27456118196742
616,92040,2788,,4.352223816355811
617,92046,3525,,4.286382978723404
618,92049,12750,,4.4276470588235295
619,92051,8483,,4.4624543204055165
620,92052,8147,,4.322327237019762
621,92054,10839,,4.454331580404096
622,92055,11254,,4.445619335347432
623,92056,8845,,4.404183154324477
624,92057,9883,,4.451937670747749
625,92059,2474,,3.9650363783346805
626,92060,992,,3.799899193548387
627,92061,1740,,4.083620689655173
628,92064,3336,,4.269034772182255
629,92065,2627,,4.210125618576323
630,92066,3294,,4.209016393442623
631,92067,8222,,4.148139138895646
632,92068,772,,3.886658031088083
633,92069,11320,,4.150618374558304
634,92070,5031,,4.2251043530113295
635,92071,4485,,4.280044593088071
636,92072,2345,,3.7
637,92074,1193,,3.5838222967309306
638,92075,8786,,4.0952082859094014
639,92078,10779,,4.211244085722238
640,92079,6781,,4.018433859312785
641,92081,7028,,4.359988616960728
642,92082,1832,,3.8837336244541483
643,92083,8688,,4.292472375690608
644,92084,8616,,4.176590064995358
645,92085,3221,,4.005743557901273
646,92086,3883,,4.2583054339428275
647,92088,1585,,4.039432176656152
648,92090,577,,4.232235701906412
649,92091,4893,,4.166666666666667
650,92092,623,,3.706260032102729
651,92093,6021,,4.2124231855173555
652,92096,3895,,3.8410783055198974
653,92101,28255,,4.1258184392142985
654,92102,16916,,4.27009931425869
655,92103,28732,,4.130690519281637
656,92104,19638,,4.235181790406355
657,92105,12010,,4.372231473771857
658,92106,28940,,4.294747753973739
659,92107,19581,,4.123793473264899
660,92108,20882,,4.165429556555885
661,92109,13612,,4.378746694093447
662,92110,33720,,4.25158659549229
663,92111,18031,,4.18163163440741
664,92112,7157,,4.083973732010619
665,92113,13196,,4.316042740224311
666,92114,8258,,4.409723904093001
667,92115,6201,,4.416061925495888
668,92116,16865,,4.259205455084494
669,92117,16810,,4.232034503271862
670,92118,15522,,4.070255121762659
671,92119,6616,,4.362605804111245
672,92120,8172,,4.302618697993148
673,92121,9359,,4.307618335292232
674,92122,8529,,4.2136241059913235
675,92123,17362,,4.178867641976731
676,92124,6237,,4.179172679172679
677,92126,9143,,4.137044733676036
678,92127,5932,,4.039699932569117
679,92128,7187,,4.107416168081258
680,92129,3876,,4.147058823529412
681,92130,6430,,4.143312597200622
682,92131,7137,,4.283032086310775
683,92132,22870,,4.080257979886314
684,92133,2,,3.0
685,92134,12283,,4.067776601807376
686,92135,27311,,4.098366958368423
687,92136,4415,,4.439977349943375
688,92137,15095,,3.71659489897317
689,92138,15095,,3.71659489897317
690,92139,7564,,4.255750925436277
691,92140,31240,,4.277768886043534
692,92142,1766,,3.9753680634201585
693,92143,1284,,3.9937694704049846
694,92145,10198,,4.172533830162777
695,92147,13884,,4.019446845289542
696,92149,1232,,4.3745941558441555
697,92150,5323,,3.788371219237272
698,92152,19835,,4.111822535921351
699,92153,1828,,4.115973741794311
700,92154,2757,,4.483496554225607
701,92155,7160,,3.9764664804469274
702,92158,404,,4.251237623762377
703,92159,3758,,3.9344065992549226
704,92160,4890,,4.0137014314928425
705,92161,6928,,4.178695150115473
706,92162,575,,3.762608695652174
707,92163,11667,,4.138467472357933
708,92164,13771,,4.137644325030862
709,92165,1181,,4.10965283657917
710,92166,6326,,4.085599114764464
711,92167,5399,,4.158825708464531
712,92168,1293,,3.694895591647332
713,92169,6144,,4.078531901041667
714,92170,656,,3.1196646341463414
715,92171,5763,,3.6310949158424433
716,92172,3036,,3.5153162055335967
717,92173,2522,,4.505154639175258
718,92174,460,,3.416304347826087
719,92175,3265,,4.137212863705972
720,92176,8170,,4.11297429620563
721,92177,774,,4.387596899224806
722,92178,8027,,3.9227606826959014
723,92179,1496,,4.308489304812834
724,92182,5520,,4.315489130434782
726,92186,15095,,3.71659489897317
727,92187,16293,,3.9781501258209047
728,92190,4890,,4.0137014314928425
729,92191,1519,,4.2366688610928245
730,92192,2247,,3.762572318647085
731,92193,2334,,4.296058269065981
732,92194,3,,3.6666666666666665
733,92195,3265,,4.137212863705972
734,92196,9602,,3.8885648823161842
735,92197,2977,,3.57473967080954
736,92198,3278,,3.770439292251373
737,92199,3017,,3.5737487570434205
738,92201,4526,,4.455700397702166
739,92202,2936,,4.370742506811989
740,92203,4197,,4.599356683345246
741,92210,6505,,4.373712528823981
742,92211,7128,,4.382225028058361
743,92220,3473,,4.136625395911316
744,92222,1925,,3.994285714285714
745,92223,3159,,4.089585311807534
746,92225,2094,,4.209407831900669
747,92226,1843,,4.032826912642431
748,92227,827,,4.222490931076179
749,92230,2627,,3.577655119908641
750,92231,744,,4.27755376344086
751,92232,198,,3.835858585858586
752,92233,826,,4.2524213075060535
753,92234,6786,,4.433834364868847
754,92235,1682,,4.054399524375743
755,92236,2673,,4.712121212121212
756,92239,3967,,4.497479203428283
757,92240,1906,,4.008656873032529
758,92241,11040,,4.470380434782609
759,92242,882,,4.107142857142857
760,92243,1338,,3.9966367713004485
761,92244,458,,3.3799126637554586
762,92247,2154,,3.9642525533890436
763,92248,2710,,3.9219557195571957
764,92249,604,,4.280629139072848
765,92250,789,,4.29404309252218
766,92251,1190,,4.256302521008403
767,92252,5401,,4.175800777633771
768,92253,7548,,4.324258081611023
769,92254,3969,,4.463466868228773
770,92255,6126,,4.15556643813255
771,92256,1151,,4.069070373588184
772,92257,1701,,4.182833627278072
773,92258,1218,,4.004105090311987
774,92259,1157,,4.291270527225583
775,92260,7984,,4.273359218436874
776,92261,1531,,4.002286087524494
777,92262,17029,,4.194961536202948
778,92263,6314,,4.061688311688312
779,92264,12494,,4.258043861053306
780,92266,2452,,4.248572593800978
781,92267,657,,4.070776255707763
782,92268,3255,,4.3423963133640555
783,92270,7059,,4.40345658025216
784,92273,1199,,4.214345287739783
785,92274,3509,,4.625819321744086
786,92275,684,,4.187865497076023
787,92276,7961,,4.4544027132269814
788,92277,5115,,4.374975562072336
789,92278,102,,3.2941176470588234
790,92280,2496,,4.0889423076923075
791,92281,679,,3.9830633284241532
792,92282,11615,,4.256995264743866
793,92283,2488,,4.215032154340836
794,92284,3291,,4.288969917958068
795,92285,9641,,4.24188362203091
796,92286,1575,,3.7933333333333334
797,92292,6,,4.166666666666667
798,92301,2070,,4.5256038647342995
799,92304,3743,,4.129174458990115
800,92305,10913,,4.148813341885824
801,92307,5306,,4.3711835657745945
802,92308,5132,,4.256040530007795
803,92309,5194,,3.718906430496727
804,92310,208,,2.5096153846153846
805,92311,3620,,3.9977900552486187
806,92312,509,,3.74852652259332
807,92313,2269,,4.210665491405906
808,92314,4775,,3.9098429319371726
809,92315,12119,,4.117295156366037
810,92316,2117,,4.309636277751535
811,92317,4065,,3.8018450184501846
812,92318,1893,,3.7810353935552032
813,92320,1739,,4.328924669350202
814,92321,3974,,3.830649219929542
815,92322,949,,3.8366701791359326
816,92323,2673,,3.5237560793116347
817,92324,3783,,4.364922019561194
818,92325,936,,3.825854700854701
819,92326,4582,,4.1187254474028805
820,92327,3091,,3.9340019411193787
821,92328,885,,3.8282485875706214
822,92329,581,,3.7728055077452667
823,92331,2307,,3.9718248807975725
824,92332,4111,,3.6562880077839943
825,92333,11905,,4.105543889122218
826,92334,142,,3.3838028169014085
827,92335,3659,,4.24692538945067
828,92336,5753,,4.33443420823918
829,92337,4429,,4.38575299164597
830,92338,8610,,3.972938443670151
831,92339,8013,,4.219580681392737
832,92340,835,,3.7119760479041917
833,92341,2602,,4.216179861644888
834,92342,1840,,4.437771739130435
835,92344,1953,,4.077060931899641
836,92345,3673,,4.215627552409474
837,92346,3031,,4.2532167601451665
838,92347,3615,,4.021438450899032
839,92350,3612,,4.248477297895903
840,92352,5150,,3.9733009708737863
841,92354,3335,,4.198650674662669
842,92356,7423,,4.284588441330998
843,92357,1816,,3.801762114537445
844,92358,3189,,4.256663530887425
845,92359,4131,,4.3165093197772935
846,92363,817,,4.239290085679315
847,92364,4610,,3.812039045553145
848,92365,6020,,3.7340531561461794
849,92366,1278,,2.7656494522691704
850,92368,2787,,4.546286329386437
851,92369,1071,,3.5102707749766573
852,92371,1636,,4.258863080684597
853,92372,1676,,4.261038186157518
854,92373,5950,,4.2333613445378155
855,92374,6104,,4.246641546526868
856,92375,2201,,3.9879600181735575
857,92376,2272,,4.257482394366197
858,92377,2716,,4.047128129602356
859,92378,2019,,4.114165428429915
860,92382,4165,,4.13109243697479
861,92384,1165,,4.255793991416309
862,92385,2008,,4.325946215139442
863,92386,1537,,3.998373454782043
864,92389,1180,,4.237288135593221
865,92391,3440,,4.004651162790697
866,92392,3927,,4.340208810797046
867,92393,3494,,4.346164854035489
868,92394,4028,,4.416708043694141
869,92395,4223,,4.3952166706133085
870,92397,1611,,4.310055865921788
871,92398,3113,,3.886765178284613
872,92399,2652,,4.391402714932127
873,92401,2934,,4.41717791411043
874,92402,2979,,3.547667002349782
875,92403,4168,,3.807581573896353
876,92404,4053,,4.3630643967431535
877,92405,3007,,4.223811107416029
878,92406,911,,3.87211855104281
879,92407,2654,,4.309155990957046
880,92408,3892,,4.354958890030833
881,92410,3121,,4.31207946171099
882,92411,2098,,4.248331744518589
883,92412,1734,,4.156286043829296
884,92413,1219,,4.013535684987695
885,92414,73,,4.554794520547945
886,92415,1902,,3.961619348054679
887,92418,767,,4.282268578878749
888,92423,1734,,4.156286043829296
890,92427,1828,,3.636487964989059
891,92501,10502,,3.9390592268139404
892,92502,5009,,3.557097224995009
893,92503,7887,,4.122353239508051
894,92504,7046,,4.1906045983536755
895,92505,6427,,4.0616150614594675
896,92506,7090,,4.000423131170663
897,92507,7908,,4.007271117855336
898,92508,4968,,4.1756239935587764
899,92509,6313,,4.183589418659908
900,92513,2910,,3.79553264604811
901,92514,1711,,4.118936294564582
902,92515,706,,3.369688385269122
903,92516,9252,,4.034695201037613
904,92517,1147,,3.6355710549258937
905,92518,6007,,4.17346429165973
906,92519,474,,3.602320675105485
907,92521,651,,3.750384024577573
908,92522,5553,,3.6717089861336216
909,92530,3475,,4.279856115107914
910,92531,1898,,4.446522655426765
911,92532,3599,,4.165601555987775
912,92536,2425,,4.328659793814433
913,92539,591,,4.268189509306261
914,92543,2633,,4.254082795290543
915,92544,3789,,4.2007125890736345
916,92545,2837,,4.246915756080367
917,92546,1992,,4.207329317269076
918,92548,3612,,4.175802879291251
919,92549,3817,,4.1626932145664135
920,92551,3214,,4.1575917859365275
921,92552,1974,,3.9541540020263426
922,92553,5939,,4.273362518942583
923,92554,1711,,3.60812390414962
924,92555,4619,,4.329075557479974
925,92556,1711,,3.60812390414962
926,92557,6050,,4.3145454545454545
927,92561,7975,,4.442131661442006
928,92562,7419,,4.444197331176708
929,92563,7699,,4.453045850110404
930,92564,1179,,3.710771840542833
931,92567,2905,,4.264199655765921
932,92570,3189,,4.304013797428661
933,92571,1331,,4.202103681442525
934,92572,1104,,3.7259963768115942
935,92581,892,,3.756726457399103
936,92582,2136,,4.309222846441948
937,92583,1775,,4.366478873239436
938,92584,4036,,3.9703914767096133
939,92585,3578,,4.186137506987143
940,92586,3892,,4.0472764645426516
941,92587,1781,,3.7737226277372264
942,92589,2084,,3.748080614203455
943,92590,11457,,4.350877192982456
944,92591,11486,,4.370799233849905
945,92592,13994,,4.194190367300272
946,92593,2048,,4.104736328125
947,92595,5062,,4.354405373370209
948,92596,5799,,4.36316606311433
949,92599,1486,,3.924293405114401
950,92602,11418,,4.098222105447539
951,92603,16571,,4.170599239635508
952,92604,13887,,3.9911427954201772
953,92605,2960,,4.171790540540541
954,92606,12033,,4.151167622371811
955,92607,2293,,4.0303096380287835
956,92609,3513,,4.098775974950185
957,92610,3406,,4.050499119201409
958,92612,15400,,4.230097402597402
959,92614,18463,,4.247603314737583
960,92615,967,,3.7905894519131333
961,92616,2918,,4.04592186429061
962,92617,17081,,4.224811193724021
963,92618,10131,,4.103296811765867
964,92619,1284,,2.9684579439252334
965,92620,11536,,3.990377947295423
966,92623,13073,,3.593972309339861
967,92624,5050,,4.145643564356436
968,92625,9151,,4.066003715440935
969,92626,18598,,4.246074846757716
970,92627,12021,,4.2285167623325846
971,92628,19989,,4.185126819750863
972,92629,7827,,4.138494953366552
973,92630,5933,,4.260239339288724
974,92637,8970,,4.1722965440356745
975,92646,14386,,4.178298345613791
976,92647,7219,,4.341113727663111
977,92648,15966,,4.107415758486784
978,92649,11249,,4.342252644679527
979,92650,2185,,3.4414187643020595
980,92651,11426,,4.10804305968843
981,92652,13140,,4.090639269406393
982,92653,9562,,4.268353900857561
983,92654,7760,,3.9453608247422682
984,92655,6739,,3.941905327199881
985,92656,6083,,4.018905145487424
986,92657,15746,,4.100628731106313
987,92658,4156,,4.015640038498557
988,92659,4312,,3.700602968460111
989,92660,18809,,4.306130044127811
990,92661,5565,,4.016621743036837
991,92662,2893,,4.012443829934324
992,92663,12352,,4.263681994818653
993,92672,8315,,4.296632591701744
994,92673,8585,,4.371694816540478
995,92674,957,,3.5208986415882966
996,92675,9207,,4.375746714456392
997,92676,4300,,4.150813953488372
998,92677,8287,,4.324966815494148
999,92678,3932,,3.879323499491353
1000,92679,4414,,4.318078840054373
1001,92683,8208,,4.27948343079922
1002,92684,9542,,4.236271221966045
1003,92685,7961,,4.066511744755684
1004,92688,4085,,4.26046511627907
1005,92690,3417,,4.014779045946737
1006,92691,5851,,4.51410015381986
1007,92692,4781,,4.512758837063376
1008,92693,2154,,4.149257195914577
1009,92694,5393,,3.748377526423141
1010,92697,11026,,3.957237438781063
1011,92698,1701,,3.5429159318048207
1012,92701,10142,,4.352050877538947
1013,92702,6402,,4.361449547016558
1014,92703,12183,,4.372034802593778
1015,92704,15417,,4.352305896088733
1016,92705,14601,,4.354462023149099
1017,92706,11110,,4.26003600360036
1018,92707,21874,,4.217244216878486
1019,92708,10976,,4.425792638483965
1020,92709,40,,4.5875
1021,92710,2403,,3.848522679983354
1022,92711,2937,,4.101634320735444
1023,92712,9816,,4.368276283618582
1024,92725,73,,4.554794520547945
1025,92728,2700,,3.6818518518518517
1026,92735,1635,,3.9091743119266056
1027,92780,15523,,4.366488436513561
1028,92781,16136,,4.2584903321765
1029,92782,17138,,4.214990080522814
1030,92799,3446,,3.8401044689495065
1031,92801,13254,,4.295571148332579
1032,92802,25132,,4.025326277256088
1033,92803,4348,,4.083716651333947
1034,92804,13275,,4.306629001883239
1035,92805,17536,,4.1758097627737225
1036,92806,12858,,4.2601493233784415
1037,92807,8958,,4.216119669569101
1038,92808,4594,,4.140509360034828
1039,92809,1711,,3.026592635885447
1040,92811,1168,,4.05736301369863
1041,92812,20823,,3.901815300388993
1042,92814,1987,,3.551333668847509
1043,92815,5669,,4.127094725701182
1044,92816,3660,,3.8662568306010927
1045,92817,5916,,3.912018255578093
1046,92821,16724,,4.1936139679502515
1047,92822,3615,,3.949377593360996
1048,92823,8286,,4.188933140236544
1049,92825,16743,,4.193812339485158
1050,92831,13457,,4.236196774912685
1051,92832,14705,,4.211696701802108
1052,92833,12132,,4.260220903395978
1053,92834,2583,,4.151374370886566
1054,92835,18193,,4.175259715275105
1055,92836,18078,,4.085933178448943
1056,92837,6496,,3.920027709359606
1057,92838,1139,,3.351185250219491
1058,92840,17550,,4.1598860398860396
1059,92841,12206,,4.295879075864329
1060,92842,12178,,4.339505665955
1061,92843,11588,,4.331334138764239
1062,92844,10162,,4.213393032867546
1063,92845,4968,,4.2338969404186795
1064,92846,1390,,3.691726618705036
1065,92850,2695,,3.4955473098330243
1066,92856,13727,,4.024404458366723
1067,92857,5791,,4.201001554135728
1068,92859,1889,,4.173107464266808
1069,92860,7068,,4.332413695529145
1070,92861,2661,,3.9603532506576475
1071,92862,1654,,4.255441354292624
1072,92863,733,,3.630286493860846
1073,92864,6841,,4.132509866978512
1074,92865,11359,,4.128620477154679
1075,92866,17147,,3.9350615267976905
1076,92867,10998,,4.09319876341153
1077,92868,10928,,4.218155197657394
1078,92869,11454,,4.185219137419242
1079,92870,12219,,4.235207463785907
1080,92871,12406,,4.243833628889247
1081,92877,2446,,3.74897792313982
1082,92878,3493,,4.156885198969367
1083,92879,8061,,4.2639870983748915
1084,92880,6443,,4.252134099022195
1085,92881,5742,,4.139846743295019
1086,92882,4401,,4.332083617359691
1087,92883,4983,,4.254766205097331
1088,92885,4174,,4.0580977479635845
1089,92886,9785,,4.234236075625958
1090,92887,6747,,4.153030976730399
1091,92899,4632,,3.8822322970639034
1092,93001,8833,,4.319540360013585
1093,93002,677,,4.174298375184638
1094,93003,6919,,4.254588813412343
1095,93004,1911,,4.187074829931973
1096,93005,2668,,3.99643928035982
1097,93006,6987,,4.252111063403464
1098,93007,431,,4.127610208816705
1099,93009,2713,,3.747880575009215
1100,93010,6747,,4.29427893878761
1101,93011,2318,,3.983175150992235
1102,93012,5039,,4.355725342329827
1103,93013,3498,,4.0490280160091485
1104,93014,2622,,3.8438215102974826
1105,93015,1571,,4.240292807129217
1106,93016,470,,4.123404255319149
1107,93020,1334,,4.076461769115443
1108,93021,2860,,4.3284965034965035
1109,93022,3008,,4.2001329787234045
1110,93023,4060,,4.0869458128078815
1111,93024,2054,,3.8987341772151898
1112,93030,4524,,4.312776304155615
1113,93031,422,,3.0995260663507107
1114,93032,1267,,4.171665351223362
1115,93033,4844,,4.383154417836499
1116,93034,1044,,4.056992337164751
1117,93035,4583,,4.2224525420030545
1118,93036,2831,,4.3376898622394915
1119,93040,1793,,4.341327384272169
1120,93041,4237,,4.2502950200613645
1121,93042,0,,
1122,93043,4311,,4.2459986082115515
1123,93044,2190,,4.1662100456621
1124,93060,2937,,4.376915219611849
1125,93061,1489,,4.27770315648086
1126,93062,530,,3.612264150943396
1127,93063,4336,,4.274677121771218
1128,93064,4927,,4.324639740207022
1129,93065,4512,,4.31216755319149
1130,93066,3722,,4.398844707146695
1131,93067,1047,,4.051575931232092
1132,93093,95,,4.073684210526316
1133,93094,2696,,4.009643916913946
1134,93099,530,,3.612264150943396
1135,93101,12587,,4.257289266703742
1136,93102,4966,,4.209726137736609
1137,93103,12524,,4.252754710954966
1138,93105,11246,,4.248755112929041
1139,93106,3537,,3.9939214023183487
1140,93107,6483,,4.118772173376523
1141,93108,11283,,4.242134184170877
1142,93109,12452,,4.287182781882429
1143,93110,11401,,4.288176475747742
1144,93111,4105,,4.048721071863581
1145,93116,8386,,4.051037443357978
1146,93117,8217,,4.081294876475599
1147,93118,4434,,4.090550293188994
1148,93120,6483,,4.118772173376523
1149,93121,6483,,4.118772173376523
1150,93130,11119,,4.210135803579458
1151,93140,695,,4.068345323741007
1152,93150,1007,,4.205561072492552
1153,93160,1343,,3.6734921816828
1154,93190,12221,,4.2575484821209395
1155,93199,2951,,3.988647915960691
1156,93201,2101,,4.16563541170871
1157,93202,1390,,4.175539568345323
1158,93203,1335,,4.420973782771536
1159,93204,4331,,3.6663588085892402
1160,93205,395,,3.789873417721519
1161,93206,2203,,3.990013617793917
1162,93207,1357,,4.208179808400884
1163,93208,2224,,4.234262589928058
1164,93210,3721,,3.74832034399355
1165,93212,136,,3.6176470588235294
1166,93215,686,,4.091836734693878
1167,93216,760,,4.081578947368421
1168,93218,123,,4.235772357723577
1169,93219,623,,4.215088282504013
1170,93220,177,,4.293785310734464
1171,93221,1413,,4.2742392073602264
1172,93222,1038,,3.898843930635838
1173,93223,588,,4.3979591836734695
1174,93224,1293,,4.120262954369683
1175,93225,1696,,4.29746462264151
1176,93226,369,,3.6463414634146343
1177,93227,139,,3.6510791366906474
1178,93230,1929,,4.192586832555729
1179,93232,1468,,4.075953678474114
1180,93234,3879,,3.65764372260892
1181,93235,1718,,4.444994179278231
1182,93237,1135,,4.105726872246696
1183,93238,1548,,4.123708010335918
1184,93239,4328,,3.608826247689464
1185,93240,1270,,4.11496062992126
1186,93241,506,,4.339920948616601
1187,93242,1990,,4.2253768844221105
1188,93243,2285,,4.317943107221007
1189,93244,1868,,3.799518201284797
1190,93245,1776,,4.0050675675675675
1191,93246,274,,3.616788321167883
1192,93247,1343,,4.385331347728965
1193,93249,3257,,4.134479582437827
1194,93250,186,,3.5510752688172045
1195,93251,2708,,4.0319423929098965
1196,93252,1921,,4.481259760541385
1197,93254,7806,,4.3355751985652065
1198,93255,1608,,4.1284203980099505
1199,93256,296,,4.445945945945946
1200,93257,1421,,4.36734693877551
1201,93258,713,,3.7903225806451615
1202,93260,1418,,4.1290550070521865
1203,93261,635,,4.22992125984252
1204,93262,1927,,3.6595744680851063
1205,93263,372,,3.7419354838709675
1206,93265,1699,,4.1197763390229545
1207,93266,4762,,3.734985300293994
1208,93267,1177,,4.468988954970263
1209,93268,1300,,4.1196153846153845
1210,93270,668,,4.38248502994012
1211,93271,1850,,3.7275675675675677
1212,93272,528,,4.359848484848484
1213,93274,1505,,4.119933554817276
1214,93275,201,,3.5970149253731343
1215,93276,1816,,3.88931718061674
1216,93277,2455,,4.339918533604888
1217,93278,1439,,3.9117442668519806
1218,93279,1965,,3.9391857506361325
1219,93280,2123,,4.137776731040979
1220,93282,91,,3.9450549450549453
1221,93283,1874,,4.2913553895410885
1222,93285,1368,,4.180190058479532
1223,93286,1473,,4.017990495587237
1224,93287,695,,4.3
1225,93290,1965,,3.9391857506361325
1226,93291,2766,,4.320137382501808
1227,93292,2933,,4.222809410160245
1228,93301,5858,,4.169426425401161
1229,93302,2272,,4.208406690140845
1230,93303,2272,,4.208406690140845
1231,93304,3479,,4.32897384305835
1232,93305,2749,,4.335940341942525
1233,93306,2729,,4.282154635397582
1234,93307,395,,4.165822784810127
1235,93308,3430,,4.23862973760933
1236,93309,4346,,4.192360791532444
1237,93311,2206,,4.177243880326382
1238,93312,3414,,4.125073227885179
1239,93313,2279,,4.173979815708644
1240,93314,2808,,4.0181623931623935
1241,93380,370,,3.4405405405405407
1242,93381,4302,,4.1802649930264995
1243,93382,4302,,4.1802649930264995
1244,93383,3499,,4.102457845098599
1245,93384,3866,,4.157915157785825
1246,93385,1551,,3.90715667311412
1247,93386,309,,3.7233009708737863
1248,93387,407,,3.898034398034398
1249,93388,4905,,4.198165137614679
1250,93389,2141,,3.7197571228397943
1251,93390,2575,,3.9761165048543687
1252,93401,14957,,4.149796082102026
1253,93402,2359,,4.160873251377702
1254,93403,12660,,4.204739336492891
1255,93405,13957,,4.177330371856416
1256,93406,7747,,4.002388021169485
1257,93407,13132,,4.160105086810844
1258,93408,8527,,4.042746569719714
1259,93409,2594,,4.110639938319198
1260,93410,1238,,3.8239095315024234
1261,93412,740,,3.6648648648648647
1262,93420,10564,,4.144026883756153
1263,93421,639,,4.31924882629108
1264,93422,2784,,4.187679597701149
1265,93423,1792,,4.205357142857143
1266,93424,3248,,3.7807881773399017
1267,93426,8455,,4.139621525724423
1268,93427,4908,,4.012123064384678
1269,93428,7501,,3.945273963471537
1270,93429,727,,4.171939477303989
1271,93430,2864,,3.913582402234637
1272,93432,4315,,4.430938586326767
1273,93433,9772,,4.192744576340565
1274,93434,402,,4.436567164179104
1275,93435,8381,,4.03060493974466
1276,93436,2874,,4.248434237995824
1277,93437,1590,,4.19685534591195
1278,93438,866,,3.886836027713626
1279,93440,1363,,4.473954512105649
1280,93441,4704,,4.126062925170068
1281,93442,7533,,4.253816540554892
1282,93443,478,,4.086820083682008
1283,93444,6767,,4.091399438451308
1284,93445,10337,,4.196623778659186
1285,93446,7599,,4.144755888932754
1286,93447,1188,,3.845959595959596
1287,93448,10623,,4.064388590793561
1288,93449,12074,,4.131894980950803
1289,93450,1455,,4.231615120274914
1290,93451,8375,,4.022328358208955
1291,93452,7005,,3.8375446109921483
1292,93453,12877,,4.18129222645026
1293,93454,7230,,4.253526970954357
1294,93455,3665,,4.387448840381992
1295,93456,606,,3.6386138613861387
1296,93457,2016,,4.005704365079365
1297,93458,3890,,4.205269922879177
1298,93460,7520,,4.151529255319149
1299,93461,5624,,4.288584637268848
1300,93463,8315,,3.924774503908599
1301,93464,8315,,3.924774503908599
1302,93465,4096,,4.375244140625
1303,93475,959,,4.008342022940563
1304,93483,1714,,4.1487747957993
1305,93501,2015,,4.32332506203474
1306,93502,1051,,3.6793529971455756
1307,93504,500,,3.91
1308,93505,608,,3.8297697368421053
1309,93510,2667,,4.268841394825647
1310,93512,6421,,4.01191403208223
1311,93513,6274,,4.306024864520242
1312,93514,6037,,4.295593837999006
1313,93515,4992,,4.1610576923076925
1314,93516,817,,3.8635250917992656
1315,93517,1143,,4.194225721784777
1316,93518,2723,,4.360448035255233
1317,93519,1313,,4.0967250571210965
1318,93522,2280,,4.046052631578948
1319,93523,1085,,4.2216589861751155
1320,93524,254,,3.9763779527559056
1321,93526,4430,,4.31117381489842
1322,93527,1588,,4.079030226700252
1323,93528,1148,,4.1223867595818815
1324,93529,969,,3.791021671826625
1325,93530,2896,,3.784875690607735
1326,93531,1851,,4.405456509994598
1327,93532,3599,,4.561683801055849
1328,93534,3163,,4.290705026873222
1329,93535,2065,,4.411864406779661
1330,93536,3405,,4.582966226138033
1331,93539,2781,,4.033980582524272
1332,93541,2622,,3.995995423340961
1333,93542,1851,,4.0542949756888165
1334,93543,2411,,4.15574450435504
1335,93544,2382,,4.314021830394626
1336,93545,2655,,3.7612052730696797
1337,93546,6242,,4.001041332906119
1338,93549,2653,,4.125895212966453
1339,93550,1709,,4.1594499707431245
1340,93551,4183,,4.265837915371743
1341,93552,1909,,3.960974332111053
1342,93553,2420,,4.412809917355372
1343,93554,1151,,4.127280625543006
1344,93555,1580,,3.966139240506329
1345,93556,708,,4.023305084745763
1346,93558,2192,,4.3549270072992705
1347,93560,2053,,4.422552362396493
1348,93561,2308,,4.337521663778163
1349,93562,1207,,4.038525269262634
1350,93563,1691,,4.294204612655234
1351,93581,1077,,4.052924791086351
1352,93584,2096,,4.217795801526718
1353,93586,647,,4.045595054095827
1354,93590,3397,,4.234765969973506
1355,93591,1898,,4.437038988408851
1356,93592,2143,,4.1297246850209985
1357,93596,382,,3.3206806282722514
1358,93599,1162,,3.9027538726333906
1359,93601,3277,,4.104974061641745
1360,93602,1793,,3.9364194088120468
1361,93603,1829,,3.703116457080372
1362,93604,2733,,3.987376509330406
1363,93605,663,,3.563348416289593
1364,93606,899,,4.380978865406007
1365,93607,115,,4.021739130434782
1366,93608,2625,,3.570666666666667
1367,93609,3702,,3.82752566180443
1368,93610,1953,,4.024065540194573
1369,93611,4639,,4.199719767191205
1370,93612,4907,,4.204809455879356
1371,93613,3131,,4.248323219418716
1372,93614,2643,,4.134127884979191
1373,93615,227,,3.753303964757709
1374,93616,776,,4.282216494845361
1375,93618,373,,3.6769436997319036
1376,93619,4491,,4.210532175462035
1377,93620,2903,,3.9135377196004133
1378,93621,1186,,3.9949409780775715
1379,93622,1249,,4.240192153722979
1380,93623,2446,,3.948896156991006
1381,93624,2836,,3.5569464033850493
1382,93625,770,,3.703896103896104
1383,93626,1897,,4.203479177648919
1384,93627,54,,4.435185185185185
1385,93628,232,,3.226293103448276
1386,93630,492,,4.274390243902439
1387,93631,1592,,4.159861809045226
1388,93633,520,,3.0711538461538463
1389,93634,7126,,4.137805220319955
1390,93635,3158,,3.9132362254591513
1391,93636,2510,,4.247011952191235
1392,93637,1973,,4.026609224531171
1393,93638,2005,,4.019950124688279
1394,93639,822,,3.935523114355231
1395,93640,324,,4.169753086419753
1396,93641,1403,,3.9365645046329294
1397,93642,663,,3.563348416289593
1398,93643,2752,,4.080123546511628
1399,93644,3440,,4.025436046511628
1400,93645,2561,,4.088442014837954
1401,93646,852,,3.970657276995305
1402,93647,1812,,4.218543046357616
1403,93648,95,,4.078947368421052
1404,93649,942,,4.079617834394904
1405,93650,4217,,4.1898268911548495
1406,93651,761,,4.208278580814717
1407,93652,1039,,4.337824831568816
1408,93653,3105,,4.1790660225442835
1409,93654,1202,,4.017886855241264
1410,93656,3768,,3.835456475583864
1411,93657,1928,,4.079356846473029
1412,93660,3104,,3.7044136597938144
1413,93661,160,,3.55625
1414,93662,1183,,3.980980557903635
1415,93664,5926,,4.248650016874789
1416,93665,80,,3.75625
1417,93666,168,,3.4375
1418,93667,1357,,3.9189388356669124
1419,93668,93,,4.387096774193548
1420,93669,1009,,3.93607532210109
1421,93670,209,,3.8157894736842106
1422,93673,417,,3.568345323741007
1423,93675,1429,,4.152904128761372
1424,93701,2151,,4.376801487680149
1425,93702,2989,,4.334392773502843
1426,93703,4330,,4.2170900692840645
1427,93704,5587,,4.2203329156971545
1428,93705,3537,,4.2851286400904725
1429,93706,1365,,4.354578754578754
1430,93707,1906,,4.076337880377754
1431,93708,1906,,4.076337880377754
1432,93709,1906,,4.076337880377754
1433,93710,5726,,4.248340901152637
1434,93711,4068,,4.31661750245821
1435,93712,1906,,4.076337880377754
1436,93714,1906,,4.076337880377754
1437,93715,1906,,4.076337880377754
1438,93716,1906,,4.076337880377754
1439,93717,1906,,4.076337880377754
1440,93718,1906,,4.076337880377754
1441,93720,3125,,4.27472
1442,93721,2478,,4.306900726392252
1443,93722,2795,,4.338461538461538
1444,93723,2321,,4.25441619991383
1445,93724,1844,,4.073752711496746
1446,93725,2267,,4.38178209086899
1447,93726,5493,,4.255689058802112
1448,93727,4644,,4.199612403100775
1449,93728,2569,,4.227325807707279
1450,93729,1152,,3.6770833333333335
1451,93730,890,,3.756179775280899
1452,93740,5975,,4.259163179916318
1453,93741,2740,,3.9467153284671532
1454,93744,1606,,3.494084682440847
1455,93745,1821,,4.344041735310269
1456,93747,1033,,3.5237173281703775
1457,93750,152,,3.3059210526315788
1458,93755,1631,,4.124463519313305
1459,93760,1968,,4.194105691056911
1460,93761,1839,,3.9817835780315387
1461,93764,1026,,4.025828460038986
1462,93765,2799,,4.05859235441229
1463,93771,1804,,4.215909090909091
1464,93772,1804,,4.215909090909091
1465,93773,1804,,4.215909090909091
1466,93774,1804,,4.215909090909091
1467,93775,1804,,4.215909090909091
1468,93776,1804,,4.215909090909091
1469,93777,1804,,4.215909090909091
1470,93778,1804,,4.215909090909091
1471,93779,1804,,4.215909090909091
1472,93780,0,,
1473,93784,2784,,3.6111709770114944
1474,93786,1718,,4.286379511059371
1475,93790,293,,3.5034129692832763
1476,93791,293,,3.5034129692832763
1477,93792,293,,3.5034129692832763
1478,93793,293,,3.5034129692832763
1479,93794,293,,3.5034129692832763
1480,93844,1339,,3.494772218073189
1481,93888,1348,,3.4910979228486645
1482,93901,3343,,4.317379599162429
1483,93902,870,,4.01551724137931
1484,93905,2480,,4.33991935483871
1485,93906,3521,,4.238568588469185
1486,93907,5500,,4.263
1487,93908,8264,,4.30566311713456
1488,93912,1512,,3.01521164021164
1489,93915,837,,4.15531660692951
1490,93920,9474,,4.231264513405109
1491,93921,9432,,4.2461301950805765
1492,93922,10034,,4.12502491528802
1493,93923,9361,,4.131129152868283
1494,93924,7168,,4.22607421875
1495,93925,3483,,4.211024978466839
1496,93926,1143,,4.427821522309712
1497,93927,6510,,4.310522273425499
1498,93928,6737,,4.065978922369007
1499,93930,2695,,4.110760667903525
1500,93932,1428,,4.0700280112044815
1501,93933,3334,,4.085182963407319
1502,93940,16725,,4.148490284005979
1503,93942,20660,,4.120280735721201
1504,93943,4082,,3.8874326310632044
1505,93944,16723,,4.1541290438318486
1506,93950,16593,,4.105707225938649
1507,93953,17761,,4.160998817634142
1508,93954,1422,,4.2594936708860756
1509,93955,13897,,4.136972008347125
1510,93960,1225,,4.337959183673469
1511,93962,1865,,3.8825737265415547
1512,94002,12494,,4.100408195934048
1513,94005,4951,,4.03777014744496
1514,94010,11178,,4.138441581678297
1515,94011,11059,,4.139931277692377
1516,94013,25,,4.1
1517,94014,9076,,4.105773468488321
1518,94015,10137,,4.153743711157147
1519,94016,11349,,4.292140276676359
1520,94017,3037,,3.595982877839974
1521,94018,11246,,3.6694824826605017
1522,94019,7704,,4.024143302180685
1523,94020,9616,,4.00592762063228
1524,94021,14058,,4.106238440745483
1525,94022,7824,,4.100524028629857
1526,94023,8174,,4.08759481282114
1527,94024,6810,,4.079441997063142
1528,94025,15611,,4.1076484530139
1529,94026,2052,,3.7351364522417154
1530,94027,10858,,4.128983238165408
1531,94028,12396,,3.9797515327525006
1532,94030,12027,,4.119938471771847
1533,94035,10850,,4.071428571428571
1534,94037,2245,,3.7984409799554566
1535,94038,6370,,3.791993720565149
1536,94039,14248,,3.58299410443571
1537,94040,12462,,3.984553041245386
1538,94041,12857,,3.919460216224625
1539,94042,13527,,3.816182449914985
1540,94043,14762,,4.106692860046064
1541,94044,10612,,4.106200527704486
1542,94060,2909,,3.7354761086283945
1543,94061,9661,,4.179898561225546
1544,94062,15438,,4.198212203653323
1545,94063,8531,,4.191771187434064
1546,94064,6158,,4.293926599545307
1547,94065,12908,,4.145336225596529
1548,94066,10604,,4.263202565069785
1549,94070,12377,,4.188575583744042
1550,94074,8246,,4.051540140674266
1551,94080,11534,,4.287757933067453
1552,94083,11574,,4.295705892517712
1553,94085,15153,,4.199399458853033
1554,94086,12984,,4.225623844731977
1555,94087,13435,,4.192817268328992
1556,94088,6612,,4.067679975801573
1557,94089,7762,,4.05791033238856
1560,94101,30271,,4.3139638597998085
1561,94102,20893,,4.105346288230508
1562,94103,19500,,4.191128205128205
1563,94104,21373,,4.100711177654049
1564,94105,20946,,4.189248543874726
1565,94106,31,,4.467741935483871
1566,94107,23139,,4.17932927092787
1567,94108,19670,,4.127325876970005
1568,94109,24160,,4.147516556291391
1569,94110,16073,,4.059976357867231
1570,94111,23315,,4.153570662663522
1571,94112,8109,,4.115982241953385
1572,94114,21462,,4.134237256546454
1573,94115,20833,,4.140906254500072
1574,94116,8655,,3.9555170421721546
1575,94117,17072,,4.280078491096532
1576,94118,18099,,4.134372064754959
1577,94119,18220,,3.6325466520307352
1578,94120,9132,,3.850908891809023
1579,94121,9501,,3.9731607199242185
1580,94122,17690,,4.084708875070661
1581,94123,19080,,4.134669811320754
1582,94124,8061,,4.063267584666915
1583,94125,6361,,4.10100613111146
1584,94126,12884,,4.020839801303943
1585,94127,8906,,4.126600044913541
1586,94128,11696,,4.1573187414500685
1587,94129,18204,,4.085365853658536
1588,94130,20839,,4.205408128988915
1589,94131,15491,,4.053773158608224
1590,94132,5840,,4.153852739726028
1591,94133,24006,,4.325960176622511
1592,94134,7555,,4.074851091992058
1593,94135,54,,4.231481481481482
1594,94136,256,,4.275390625
1595,94137,9132,,3.850908891809023
1596,94138,36,,3.0
1597,94139,6361,,4.10100613111146
1598,94140,11967,,3.9082058995571156
1599,94141,5415,,3.899722991689751
1600,94142,17917,,4.147541441089468
1601,94143,14054,,4.20414116977373
1602,94144,6361,,4.10100613111146
1603,94145,9132,,3.850908891809023
1604,94146,6361,,4.10100613111146
1605,94147,6361,,4.10100613111146
1606,94150,2642,,3.8764193792581376
1607,94151,6361,,4.10100613111146
1608,94152,188,,4.289893617021277
1609,94153,6361,,4.10100613111146
1610,94154,6361,,4.10100613111146
1611,94155,141,,4.624113475177305
1612,94156,6361,,4.10100613111146
1613,94157,52,,4.5
1614,94158,21767,,4.117792989387605
1615,94159,15050,,4.152524916943522
1616,94160,6361,,4.10100613111146
1617,94161,6361,,4.10100613111146
1618,94162,6361,,4.10100613111146
1619,94163,6361,,4.10100613111146
1620,94164,12704,,4.086232682619648
1621,94165,36,,3.0
1622,94166,78,,4.4743589743589745
1623,94167,71,,4.464788732394366
1625,94169,45,,4.411111111111111
1626,94170,191,,4.175392670157068
1627,94171,6361,,4.10100613111146
1628,94172,6361,,4.10100613111146
1629,94175,173,,4.673410404624278
1630,94177,6361,,4.10100613111146
1631,94188,3047,,4.210042664916311
1632,94199,191,,4.675392670157068
1633,94203,6644,,3.915111378687538
1634,94204,2701,,4.33598667160311
1635,94205,2039,,3.873712604217754
1636,94206,2039,,3.873712604217754
1637,94207,2701,,4.33598667160311
1638,94208,6644,,3.915111378687538
1639,94209,6644,,3.915111378687538
1640,94211,6644,,3.915111378687538
1641,94229,6644,,3.915111378687538
1642,94230,2039,,3.873712604217754
1643,94232,6644,,3.915111378687538
1644,94234,6644,,3.915111378687538
1645,94235,6644,,3.915111378687538
1646,94236,6644,,3.915111378687538
1647,94237,6644,,3.915111378687538
1648,94239,6644,,3.915111378687538
1649,94240,6644,,3.915111378687538
1650,94244,6644,,3.915111378687538
1651,94245,1995,,3.6243107769423557
1652,94246,6644,,3.915111378687538
1653,94247,6644,,3.915111378687538
1654,94248,6644,,3.915111378687538
1655,94249,6644,,3.915111378687538
1656,94250,3401,,3.652602175830638
1657,94252,6644,,3.915111378687538
1658,94254,6644,,3.915111378687538
1659,94256,6644,,3.915111378687538
1660,94257,6644,,3.915111378687538
1661,94258,2701,,4.33598667160311
1662,94259,6644,,3.915111378687538
1663,94261,6644,,3.915111378687538
1664,94262,6644,,3.915111378687538
1665,94263,6644,,3.915111378687538
1666,94267,6644,,3.915111378687538
1667,94268,6644,,3.915111378687538
1668,94269,6644,,3.915111378687538
1669,94271,6644,,3.915111378687538
1670,94273,6644,,3.915111378687538
1671,94274,6644,,3.915111378687538
1672,94277,6644,,3.915111378687538
1673,94278,6644,,3.915111378687538
1674,94279,6644,,3.915111378687538
1675,94280,6644,,3.915111378687538
1676,94282,6644,,3.915111378687538
1677,94283,2039,,3.873712604217754
1678,94284,6644,,3.915111378687538
1679,94285,6644,,3.915111378687538
1680,94286,6644,,3.915111378687538
1681,94287,6644,,3.915111378687538
1682,94288,6644,,3.915111378687538
1683,94289,6644,,3.915111378687538
1684,94290,6644,,3.915111378687538
1685,94291,6644,,3.915111378687538
1686,94293,6644,,3.915111378687538
1687,94294,6644,,3.915111378687538
1688,94295,6644,,3.915111378687538
1689,94296,6644,,3.915111378687538
1690,94297,6644,,3.915111378687538
1691,94298,6644,,3.915111378687538
1692,94299,6644,,3.915111378687538
1693,94301,20587,,3.8903677077767522
1694,94302,1617,,3.7139764996907854
1695,94303,16971,,4.12179600494962
1696,94304,16702,,4.140641839300683
1697,94305,16859,,3.920013049409811
1698,94306,12844,,3.9515337900965433
1699,94309,16936,,4.105987246102976
1700,94401,15779,,3.9682489384625135
1701,94402,14587,,4.116987728799616
1702,94403,12377,,4.054092267916296
1703,94404,6282,,4.111349888570519
1704,94497,14587,,4.116987728799616
1705,94501,13455,,4.088108509847641
1706,94502,10144,,4.050621056782334
1707,94503,4248,,3.947151600753296
1708,94506,5828,,3.9668840082361014
1709,94507,6742,,4.175244734500148
1710,94508,9331,,4.1716321937627265
1711,94509,3375,,4.264
1712,94510,3629,,4.353678699366217
1713,94511,620,,4.108870967741935
1714,94512,2669,,4.264705882352941
1715,94513,2852,,4.186711079943899
1716,94514,5772,,4.275900900900901
1717,94515,7428,,4.143914916532041
1718,94516,4378,,4.042485153037917
1719,94517,5277,,4.276009096077317
1720,94518,6382,,4.144155437167032
1721,94519,6363,,3.993085022787993
1722,94520,6648,,4.051293622141998
1723,94521,4104,,4.079191033138401
1724,94522,696,,3.1357758620689653
1725,94523,6592,,4.122421116504855
1726,94524,919,,3.7214363438520133
1727,94525,3177,,3.5977337110481584
1728,94526,6090,,4.07183908045977
1729,94527,919,,3.7214363438520133
1730,94528,720,,4.313888888888889
1731,94529,2182,,3.452795600366636
1732,94530,5364,,4.093027591349739
1733,94531,4240,,4.154245283018868
1734,94533,5062,,4.358158830501778
1735,94534,4104,,4.232821637426901
1736,94535,3352,,4.353967780429595
1737,94536,11563,,4.019458618005708
1738,94537,9820,,3.7722505091649694
1739,94538,9565,,4.050392054364872
1740,94539,7333,,4.124028364925678
1741,94540,5110,,3.3133072407045008
1742,94541,7445,,4.237004701141706
1743,94542,5941,,4.0075744824103685
1744,94543,6529,,4.0532240771940575
1745,94544,7934,,4.025018905974288
1746,94545,6930,,4.031024531024531
1747,94546,7918,,4.168350593584239
1748,94547,3733,,3.9699973211893917
1749,94548,511,,4.38160469667319
1750,94549,7272,,4.034584708470847
1751,94550,6443,,4.336644420301102
1752,94551,7879,,4.022591699454246
1753,94552,7199,,4.193915821641895
1754,94553,4755,,4.313249211356466
1755,94555,8336,,4.003059021113244
1756,94556,5375,,4.1705116279069765
1757,94557,2069,,3.5652489125181246
1758,94558,23198,,4.124019312009656
1759,94559,14390,,4.0388116747741485
1760,94560,8656,,4.016924676524954
1761,94561,3591,,4.273043720412142
1762,94562,24854,,4.034119256457713
1763,94563,2542,,3.7832415420928402
1764,94564,4720,,3.8391949152542373
1765,94565,3583,,4.070332123918504
1766,94566,6840,,4.1892543859649125
1767,94567,11405,,4.088075405523893
1768,94568,10069,,4.048713874267554
1769,94569,6075,,3.9046090534979423
1770,94570,1477,,3.728842247799594
1771,94571,3328,,4.2198016826923075
1772,94572,2835,,3.629805996472663
1773,94573,14103,,4.139225696660285
1774,94574,14830,,4.132737693863789
1775,94575,966,,3.8405797101449277
1776,94576,1788,,4.132270693512305
1777,94577,5623,,4.141828205584208
1778,94578,5795,,4.130716134598792
1779,94579,4908,,4.0626528117359415
1780,94580,5390,,4.167532467532467
1781,94581,6469,,4.049312103880044
1782,94582,5067,,4.285770672982041
1783,94583,4990,,4.017635270541082
1784,94585,7049,,4.299758831039864
1785,94586,5878,,4.134824770330044
1786,94587,7659,,3.924924924924925
1787,94588,10076,,4.215263993648273
1788,94589,3348,,4.192502986857826
1789,94590,4431,,4.091175806815618
1790,94591,3974,,4.208605938600906
1791,94592,4196,,4.122259294566254
1792,94595,10873,,4.129403108617677
1793,94596,10215,,4.137738619676946
1794,94597,9162,,4.152750491159136
1795,94598,8728,,4.172891842346471
1796,94599,21373,,4.030435596313105
1797,94601,6539,,4.182826120201866
1798,94602,11641,,4.092861438020789
1799,94603,5065,,4.192201382033564
1800,94604,9942,,3.808891571112452
1801,94605,4269,,4.1074022019208245
1802,94606,18345,,4.112510220768602
1803,94607,16643,,4.042660578020789
1804,94608,16293,,4.032529307064383
1805,94609,20683,,4.114030846588986
1806,94610,18557,,4.035512205636687
1807,94611,17489,,4.1533535365086625
1808,94612,13545,,4.108970099667774
1809,94613,4017,,3.9844411252178245
1810,94614,1334,,2.6739130434782608
1811,94615,11372,,3.9792033063665144
1812,94617,9942,,3.808891571112452
1813,94618,18318,,4.110328638497653
1814,94619,6754,,4.035534498075215
1815,94620,20166,,4.07187840920361
1816,94621,6039,,4.118065904951151
1817,94622,2123,,3.5833725859632595
1818,94623,1432,,3.943086592178771
1819,94624,564,,4.26418439716312
1820,94625,10793,,4.156258686185491
1821,94649,9614,,3.653006032868733
1822,94659,7766,,3.9208730363121296
1823,94660,3334,,4.088932213557289
1824,94661,3630,,3.7567493112947656
1825,94662,4043,,3.8726193420727184
1826,94666,2519,,3.682215164747916
1827,94701,21384,,4.197156752712308
1828,94702,22443,,4.1860491021699415
1829,94703,18134,,4.232491452520128
1830,94704,20091,,4.156089791448908
1831,94705,14906,,4.079062122635181
1832,94706,10682,,4.303548024714473
1833,94707,15047,,4.283511663454509
1834,94708,21778,,4.200798971439067
1835,94709,19968,,4.1447816506410255
1836,94710,16666,,4.077883115324613
1837,94712,12325,,4.0051115618661255
1838,94720,19528,,4.174825891028267
1839,94801,4711,,4.134897049458714
1840,94802,1197,,3.7769423558897244
1841,94803,3441,,4.1246730601569315
1842,94804,4372,,4.188700823421775
1843,94805,3435,,4.085735080058224
1844,94806,3092,,4.176261319534282
1845,94807,2625,,3.7344761904761903
1846,94808,4395,,4.138225255972697
1847,94820,2433,,4.102959309494452
1848,94850,5071,,4.16702819956616
1849,94901,7339,,4.3164600081755005
1850,94903,7170,,4.325174337517434
1851,94904,8119,,4.325101613499199
1852,94912,3265,,3.864624808575804
1853,94913,1256,,4.008359872611465
1854,94914,407,,4.374692874692875
1855,94915,1256,,4.008359872611465
1856,94920,12052,,3.9216727514105543
1857,94922,5530,,4.338065099457505
1858,94923,5139,,3.937439190503989
1859,94924,4194,,3.8578922269909395
1860,94925,6506,,3.8802643713495235
1861,94926,1302,,3.815668202764977
1862,94927,3113,,4.023771281721812
1863,94928,3852,,4.19392523364486
1864,94929,4807,,4.182754316621594
1865,94930,3715,,4.0655450874831764
1866,94931,4066,,4.179906542056075
1867,94933,2629,,4.2095853936858125
1868,94937,5401,,4.097296796889465
1869,94938,3674,,3.818454001088732
1870,94939,8039,,4.325538002239084
1871,94940,6866,,4.253495484998544
1872,94941,10252,,4.007071790870074
1873,94942,8527,,4.0086196786677615
1874,94945,4063,,4.08122077282796
1875,94946,6154,,4.094897627559311
1876,94947,5924,,4.268062120189062
1877,94948,1580,,3.607594936708861
1878,94949,7967,,4.225492657210995
1879,94950,3803,,3.7191690770444388
1880,94951,1493,,4.2290689886135295
1881,94952,7628,,4.456476140534871
1882,94953,1730,,4.230635838150289
1883,94954,8730,,4.147651775486827
1884,94955,5202,,4.199346405228758
1885,94956,4677,,3.9050673508659397
1886,94957,3183,,4.157398680490104
1887,94960,3516,,4.158703071672355
1888,94963,681,,4.273861967694566
1889,94964,8004,,4.176474262868566
1890,94965,10907,,3.9607133033831485
1891,94966,9985,,3.7642463695543316
1892,94970,1768,,3.5149886877828056
1893,94971,5736,,4.297158298465829
1894,94972,4246,,4.3032265661799345
1895,94973,3288,,4.158911192214112
1896,94974,1207,,4.087406793703397
1897,94975,1730,,4.230635838150289
1898,94976,4124,,4.035766246362755
1899,94977,4695,,3.5445154419595313
1900,94978,631,,3.6664025356576864
1901,94979,3246,,3.934534812076402
1902,94998,1580,,3.607594936708861
1903,94999,4260,,4.169366197183098
1904,95001,1742,,4.375430539609644
1905,95002,1620,,4.035493827160494
1906,95003,6089,,4.185909016258828
1907,95004,1145,,4.041484716157205
1908,95005,2091,,3.9591104734576756
1909,95006,3247,,4.265475823837388
1910,95007,1587,,3.9344675488342786
1911,95008,9565,,4.074490329325666
1912,95009,9795,,4.105410923940786
1913,95010,6431,,4.088011195770487
1914,95011,9251,,3.8979029294130365
1915,95012,4464,,3.8368055555555554
1916,95013,2987,,3.9014060930699697
1917,95014,11630,,4.073086844368014
1918,95015,13897,,4.061164280060445
1919,95017,3028,,3.6322655217965654
1920,95018,3390,,4.053834808259587
1921,95019,1441,,3.8466342817487855
1922,95020,4276,,4.1835827876520115
1923,95021,2247,,4.12483311081442
1924,95023,2380,,3.9031512605042016
1925,95024,1420,,3.767605633802817
1926,95026,1164,,4.36254295532646
1927,95030,11335,,4.184958094397882
1928,95031,1086,,4.40377532228361
1929,95032,11854,,4.178083347393285
1930,95033,9711,,4.18844609206055
1931,95035,10963,,3.984174039952568
1932,95036,7536,,3.682921974522293
1933,95037,5421,,4.190924183729939
1934,95038,4055,,3.9764488286066584
1935,95039,3743,,3.804034197168047
1936,95041,584,,4.068493150684931
1937,95042,1416,,4.329449152542373
1938,95043,3551,,4.245142213460997
1939,95044,833,,4.328931572629052
1940,95045,1547,,3.689075630252101
1941,95046,4997,,4.224434660796478
1942,95050,12118,,4.069896022445948
1943,95051,19149,,4.006788866259335
1944,95052,12058,,3.918062696964671
1945,95053,8484,,3.9725365393682224
1946,95054,4231,,4.082604585204443
1947,95055,4615,,3.582773564463705
1948,95056,2592,,3.5482253086419755
1949,95060,6700,,3.973955223880597
1950,95061,6260,,3.9870607028753993
1951,95062,12268,,4.173744701662863
1952,95063,5157,,4.057300756253635
1953,95064,12358,,4.0639262016507525
1954,95065,10386,,4.163007895243597
1955,95066,3241,,4.181579759333539
1956,95067,842,,3.8438242280285038
1957,95070,7386,,4.180002707825616
1958,95071,11786,,4.178941116578992
1959,95073,8705,,4.147329121194716
1960,95075,3052,,3.9949213630406293
1961,95076,4141,,4.102149239314175
1962,95077,502,,4.053784860557769
1963,95101,11216,,4.176355206847361
1964,95103,1352,,4.254068047337278
1965,95106,10900,,4.079587155963303
1966,95108,1352,,4.254068047337278
1967,95109,14014,,4.070643642072214
1968,95110,10826,,4.062534638832441
1969,95111,6740,,3.842507418397626
1970,95112,10218,,4.065179095713447
1971,95113,8144,,4.105599214145383
1972,95115,1352,,4.254068047337278
1973,95116,9957,,4.0999296977001105
1974,95117,13656,,4.051662272993556
1975,95118,8917,,4.148031849276663
1976,95119,3817,,3.9821849620120515
1977,95120,6059,,4.132282554877042
1978,95121,5816,,3.9118810178817056
1979,95122,6945,,3.975089992800576
1980,95123,5742,,4.142459073493557
1981,95124,10959,,4.118760835842687
1982,95125,12210,,4.045413595413596
1983,95126,11023,,4.049986392089268
1984,95127,9215,,4.146228974498101
1985,95128,11366,,4.1076896005630825
1986,95129,9623,,4.093681804011223
1987,95130,11850,,3.8656962025316455
1988,95131,13974,,4.099005295548876
1989,95132,15053,,4.069720321530592
1990,95133,14516,,4.0883852300909345
1991,95134,7057,,3.8877710075102736
1992,95135,4427,,4.043709058052857
1993,95136,10273,,4.036844154579967
1994,95138,4268,,4.131911902530459
1995,95139,2330,,3.4950643776824033
1996,95140,9170,,4.118266085059978
1997,95141,5326,,4.021122793841532
1998,95148,5386,,3.9297252135165244
1999,95150,5117,,4.107484854406879
2000,95151,4157,,3.725523213856146
2001,95152,14077,,4.071322014633799
2002,95153,6184,,3.8690168175937902
2003,95154,4506,,3.779516200621394
2004,95155,13177,,3.912309326857403
2005,95156,3643,,4.15426846006039
2006,95157,9879,,3.752808988764045
2007,95158,6255,,3.6709832134292566
2008,95159,12914,,4.022185225336844
2009,95160,900,,3.438888888888889
2010,95161,10899,,4.011560693641618
2011,95164,2708,,3.714549483013294
2012,95170,1649,,3.7880533656761672
2013,95172,792,,3.5454545454545454
2014,95173,13041,,3.9901848017790047
2015,95190,14856,,4.040959881529348
2016,95191,11361,,3.9478038905025965
2017,95192,3717,,3.9137745493677696
2018,95193,1150,,3.803478260869565
2019,95194,10899,,4.011560693641618
2020,95196,10543,,3.967608839988618
2021,95201,319,,3.9655172413793105
2022,95202,3015,,4.260862354892206
2023,95203,2634,,4.238800303720577
2024,95204,3684,,4.178203040173724
2025,95205,2972,,4.299125168236878
2026,95206,2556,,4.299491392801252
2027,95207,2274,,4.274186455584872
2028,95208,201,,3.4353233830845773
2029,95209,1682,,4.273483947681331
2030,95210,2720,,4.188786764705882
2031,95211,2753,,4.122048674173628
2032,95212,3002,,4.199033977348434
2033,95213,201,,2.442786069651741
2034,95215,2458,,4.283767290480065
2035,95219,1984,,4.316532258064516
2036,95220,2273,,4.374395072591289
2037,95221,1028,,3.6235408560311284
2038,95222,1876,,4.104211087420043
2039,95223,1562,,4.009923175416133
2040,95224,1856,,3.8844288793103448
2041,95225,821,,4.093179049939098
2042,95226,476,,3.793067226890756
2043,95227,417,,3.9676258992805757
2044,95228,1195,,4.1209205020920505
2045,95229,2361,,4.110122829309614
2046,95230,2331,,4.335049335049335
2047,95231,1293,,3.9021655065738594
2048,95232,614,,4.263843648208469
2049,95233,2281,,4.008548882069268
2050,95234,780,,4.123717948717949
2051,95236,1606,,4.315068493150685
2052,95237,761,,4.393561103810775
2053,95240,1805,,4.415235457063712
2054,95241,3613,,3.959175200664268
2055,95242,1970,,4.269543147208122
2056,95245,1717,,4.347408270238788
2057,95246,2366,,4.18596787827557
2058,95247,2697,,4.0129773822766035
2059,95248,1256,,4.384554140127388
2060,95249,333,,4.214714714714715
2061,95250,46,,4.336956521739131
2062,95251,2279,,4.017770952172005
2063,95252,1088,,4.149356617647059
2064,95253,1372,,3.433309037900875
2065,95254,1213,,4.302967848309975
2066,95255,1344,,4.3210565476190474
2067,95257,1266,,4.067535545023697
2068,95258,1498,,3.2229639519359146
2069,95267,2677,,3.5358610384759057
2070,95269,1255,,3.350199203187251
2071,95296,3389,,4.104898200059014
2072,95297,2677,,3.5358610384759057
2073,95301,1583,,4.216361339229311
2074,95303,1781,,4.116226838854576
2075,95304,3457,,4.393693954295632
2076,95305,1302,,3.81605222734255
2077,95306,2079,,4.034872534872535
2078,95307,1842,,4.354505971769815
2079,95309,2716,,4.169366715758469
2080,95310,2798,,4.208899213724089
2081,95311,2871,,3.999651689306862
2082,95312,925,,4.227027027027027
2083,95313,1227,,4.198859005704971
2084,95314,175,,3.6085714285714285
2085,95315,154,,3.6136363636363638
2086,95316,1687,,4.157083580320095
2087,95317,1844,,4.373373101952278
2088,95318,3018,,3.874751491053678
2089,95319,240,,3.847916666666667
2090,95320,720,,4.077083333333333
2091,95321,3220,,4.024534161490683
2092,95322,2548,,3.8675431711145998
2093,95323,1026,,4.345029239766082
2094,95324,1803,,4.216583471991126
2095,95325,94,,3.973404255319149
2096,95326,519,,3.947976878612717
2097,95327,2740,,4.145255474452555
2098,95328,366,,3.9836065573770494
2099,95329,1408,,4.091619318181818
2100,95330,2712,,3.883665191740413
2101,95333,1853,,4.268213707501349
2102,95334,1045,,4.225837320574163
2103,95335,1452,,4.067837465564739
2104,95336,3053,,4.219128725843433
2105,95337,2576,,4.262810559006211
2106,95338,2236,,3.959973166368515
2107,95340,1882,,4.213602550478215
2108,95341,2330,,4.171030042918455
2109,95343,2375,,4.188
2110,95344,2528,,4.167128164556962
2111,95345,2839,,4.005459668897499
2112,95346,1659,,4.032248342374925
2113,95347,1797,,4.024763494713412
2114,95348,1989,,4.241578682755153
2115,95350,3474,,4.203223949337939
2116,95351,3392,,4.255306603773585
2117,95352,1471,,3.686607749830048
2118,95353,3511,,3.904727997721447
2119,95354,3976,,4.132042253521127
2120,95355,3252,,4.1562115621156215
2121,95356,3367,,4.181764181764182
2122,95357,2994,,4.268203072812291
2123,95358,2682,,4.2255779269202085
2124,95360,2918,,3.9506511309115835
2125,95361,2340,,4.244017094017094
2126,95363,1108,,4.157942238267148
2127,95364,1937,,4.170882808466701
2128,95365,158,,4.1835443037974684
2129,95366,1900,,4.031842105263158
2130,95367,1514,,3.9795244385733155
2131,95368,3094,,4.037168713639302
2132,95369,1329,,4.2468021068472535
2133,95370,2673,,4.178451178451178
2134,95372,1862,,4.169172932330827
2135,95373,552,,4.004528985507246
2136,95374,2541,,3.9285714285714284
2137,95375,1765,,4.140226628895184
2138,95376,3503,,4.433628318584071
2139,95377,4447,,4.295817404992129
2140,95378,1700,,3.710294117647059
2141,95379,2340,,4.120299145299145
2142,95380,3308,,4.21357315598549
2143,95381,659,,3.2040971168437027
2144,95382,3126,,4.169065898912348
2145,95383,1076,,3.91682156133829
2146,95385,1239,,4.265536723163842
2147,95386,1692,,4.3091016548463354
2148,95387,1920,,4.300520833333334
2149,95388,1116,,4.35663082437276
2150,95389,3433,,3.6341392368191086
2151,95391,6457,,4.303856280006195
2152,95397,1471,,3.686607749830048
2153,95401,4177,,4.294828824515203
2154,95402,5646,,3.9032943676939427
2155,95403,3239,,4.193115158999691
2156,95404,6763,,4.311695992902558
2157,95405,7367,,4.13730147957106
2158,95406,7197,,4.134847853272197
2159,95407,5331,,4.162446070155693
2161,95409,8932,,4.202530228392297
2162,95410,3847,,4.127112035352223
2163,95412,2494,,4.299117882919005
2164,95415,1341,,4.1644295302013425
2165,95416,1730,,4.215317919075145
2166,95417,2230,,4.140582959641256
2167,95418,463,,3.9838012958963285
2168,95419,1649,,4.215585203153426
2169,95420,5500,,4.068818181818182
2170,95421,4628,,4.398552290406223
2171,95422,790,,3.90253164556962
2172,95423,3644,,4.421514818880351
2173,95424,791,,3.8988621997471555
2174,95425,2273,,4.160140783106027
2175,95426,420,,4.158333333333333
2176,95427,912,,4.484100877192983
2177,95428,3014,,4.178002654280027
2178,95429,911,,4.186608122941823
2179,95430,3192,,4.293859649122807
2180,95431,2333,,4.127518216888127
2181,95432,2877,,4.120611748348975
2182,95433,1661,,4.013546056592414
2183,95435,1027,,4.1163583252190845
2184,95436,2048,,4.05859375
2185,95437,5881,,4.003570821288896
2186,95439,1925,,3.9101298701298703
2187,95441,3650,,4.155479452054794
2188,95442,6042,,4.031694803045349
2189,95443,1478,,4.167117726657645
2190,95444,1260,,4.08452380952381
2191,95445,1423,,4.290231904427267
2192,95446,3043,,4.2099901413079195
2193,95448,7154,,4.016005032149846
2194,95449,1770,,4.22457627118644
2195,95450,4336,,4.375576568265683
2196,95451,1227,,4.19682151589242
2197,95452,10108,,4.19702216066482
2198,95453,1320,,4.180681818181818
2199,95454,2104,,4.049667300380228
2200,95456,4197,,4.1160352632832975
2201,95457,970,,4.2195876288659795
2202,95458,1448,,4.151588397790055
2203,95459,1571,,4.193189051559516
2204,95460,4895,,4.0929519918283965
2205,95461,3385,,4.421270310192024
2206,95462,2777,,4.316888728844076
2207,95463,1414,,4.438118811881188
2208,95464,351,,3.5555555555555554
2209,95465,6259,,4.346780635884326
2210,95466,1599,,4.394934333958724
2211,95467,854,,4.160421545667448
2212,95468,1724,,4.2433294663573085
2213,95469,1770,,4.408757062146893
2214,95470,1146,,4.156631762652705
2215,95471,3105,,4.186312399355877
2216,95472,4998,,4.296218487394958
2217,95473,701,,3.659058487874465
2218,95476,10261,,3.9935678783744275
2219,95480,1442,,4.057905686546463
2220,95481,2197,,4.044151115157033
2221,95482,2238,,3.9434763181411974
2222,95485,1383,,4.133044107013738
2223,95486,571,,4.10507880910683
2224,95487,719,,4.356745479833101
2225,95488,3905,,4.104353393085788
2226,95490,2830,,4.2180212014134275
2227,95492,3229,,3.9817280891917
2228,95493,1036,,3.974903474903475
2229,95494,1492,,4.2077747989276135
2230,95497,1316,,4.1462765957446805
2231,95501,3821,,3.997906307249411
2232,95502,3581,,3.959229265568277
2233,95503,2780,,4.244244604316547
2234,95511,968,,3.6833677685950414
2235,95514,984,,3.830792682926829
2236,95518,2166,,4.034626038781163
2237,95519,2683,,4.062430115542304
2238,95521,2111,,4.107058266224538
2239,95524,2858,,4.255248425472359
2240,95525,2482,,4.261684125705076
2241,95526,357,,3.953781512605042
2242,95527,1367,,4.125091441111924
2243,95528,1992,,4.100401606425703
2244,95531,2084,,4.077015355086372
2245,95532,146,,4.068493150684931
2246,95534,3713,,4.076622677080528
2247,95536,1682,,3.961652794292509
2248,95537,2746,,4.252367079388201
2249,95538,1327,,4.057648831951771
2250,95540,1301,,3.662567255956956
2251,95542,1186,,3.7584317032040473
2252,95543,1730,,4.239017341040462
2253,95545,998,,3.8592184368737477
2254,95546,1883,,4.179766330323951
2255,95547,1280,,3.708984375
2256,95548,1685,,4.1851632047477745
2257,95549,2540,,4.176968503937008
2258,95550,2262,,4.1478779840848805
2259,95551,2479,,4.169019766034691
2260,95552,776,,4.299613402061856
2261,95553,739,,3.9648173207036534
2262,95554,948,,3.835970464135021
2263,95555,1938,,3.9886480908152735
2264,95556,1907,,4.238856843209229
2265,95558,1399,,3.870264474624732
2266,95559,1093,,3.77996340347667
2267,95560,1161,,3.7579672695951767
2268,95562,1142,,3.8314360770577935
2269,95563,214,,3.9182242990654204
2270,95564,3534,,4.074561403508772
2271,95565,1288,,3.8536490683229814
2272,95567,2519,,4.387058356490671
2273,95568,2102,,4.298049476688868
2274,95569,1174,,3.9735945485519593
2275,95570,2172,,4.0492633517495396
2276,95571,1178,,3.904499151103565
2277,95573,127,,3.3858267716535435
2278,95585,994,,3.898390342052314
2279,95587,992,,3.740423387096774
2280,95589,1035,,3.9231884057971014
2281,95595,1053,,3.751187084520418
2282,95601,1324,,4.246978851963746
2283,95602,4729,,4.184605624867837
2284,95603,5145,,4.205150631681244
2285,95604,2252,,4.021758436944938
2286,95605,8253,,4.191445534956985
2287,95606,542,,3.901291512915129
2288,95607,5087,,4.240318458816591
2289,95608,5505,,4.314895549500454
2290,95609,2684,,3.8703427719821164
2291,95610,4568,,4.317753940455342
2292,95611,1950,,3.902051282051282
2293,95612,7763,,4.209970372278758
2294,95613,639,,4.212050078247262
2295,95614,920,,3.864130434782609
2296,95615,2883,,4.004335761359695
2297,95616,8802,,4.02760736196319
2298,95617,1331,,3.989481592787378
2299,95618,10883,,4.1369107782780485
2300,95619,3452,,4.3525492468134415
2301,95620,3834,,4.305555555555555
2302,95621,5039,,4.424786664020639
2303,95623,3167,,4.434954215345753
2304,95624,6309,,4.282612141385322
2305,95625,817,,4.223378212974296
2306,95626,6088,,4.3798455978975035
2307,95627,2930,,3.99641638225256
2308,95628,5507,,4.444615943344834
2309,95629,1934,,4.402533609100311
2310,95630,4099,,4.349597462795804
2311,95631,1880,,4.273404255319149
2312,95632,1319,,4.033358605003791
2313,95633,2211,,4.530076888285843
2314,95634,2472,,4.3578074433656955
2315,95635,2218,,4.302299368800721
2316,95636,2770,,4.234476534296029
2317,95637,465,,3.8086021505376344
2318,95638,1836,,4.506808278867102
2319,95639,3818,,3.853195390256679
2320,95640,1979,,4.316068721576554
2321,95641,1125,,3.7315555555555555
2322,95642,2092,,4.1010994263862335
2323,95644,314,,4.273885350318471
2324,95645,5299,,4.21334214002642
2325,95646,441,,3.443310657596372
2326,95648,3407,,4.24317581449956
2327,95650,4552,,3.9816564147627416
2328,95651,2080,,4.495673076923077
2329,95652,3530,,4.287677053824362
2330,95653,772,,3.040155440414508
2331,95654,598,,3.5827759197324416
2332,95655,5195,,4.250625601539943
2333,95656,2767,,4.438019515720997
2334,95658,4376,,4.240973491773309
2335,95659,7434,,4.284032822168415
2336,95660,5563,,4.290580621966565
2337,95661,6300,,4.236666666666666
2338,95662,3398,,4.367127722189523
2339,95663,3473,,3.7754103080909878
2340,95664,3389,,4.348037769253467
2341,95665,543,,4.21731123388582
2342,95666,1354,,4.328286558345643
2343,95667,3908,,4.244114636642784
2344,95668,6799,,4.443374025591999
2345,95669,1676,,4.406622911694511
2346,95670,3666,,4.317785051827605
2347,95671,4149,,4.374789105808628
2348,95672,2751,,4.398945837877136
2349,95673,5511,,4.381509707857013
2350,95674,1025,,4.034146341463415
2351,95675,2076,,4.447495183044316
2352,95676,5598,,4.28206502322258
2353,95677,5662,,4.457965383256799
2354,95678,6281,,4.313883139627448
2355,95679,7665,,4.194781474233529
2356,95680,761,,4.180026281208936
2357,95681,1221,,4.112612612612613
2358,95682,3639,,4.2682055509755426
2359,95683,2641,,4.347027641045059
2360,95684,1767,,4.335597057159027
2361,95685,2600,,4.323269230769231
2362,95686,821,,3.7911084043848966
2363,95687,6159,,4.304026627699302
2364,95688,6039,,4.274879947011095
2365,95689,1849,,4.363439697133586
2366,95690,1186,,3.9072512647554807
2367,95691,8273,,4.186993835368065
2368,95692,926,,4.00755939524838
2369,95693,1176,,4.071003401360544
2370,95694,6646,,4.182816731868793
2371,95695,2663,,4.246714232069095
2372,95696,5203,,4.191043628675764
2373,95697,1034,,3.2006769825918764
2374,95698,873,,3.087056128293242
2375,95699,1057,,4.405392620624409
2376,95701,1547,,4.1722689075630255
2377,95703,3211,,4.2005605730302085
2378,95709,1849,,4.174148188209843
2379,95712,2045,,4.222982885085575
2380,95713,1556,,4.213046272493573
2381,95714,239,,4.347280334728033
2382,95715,464,,4.270474137931035
2383,95717,1905,,4.330708661417323
2384,95720,5321,,4.336402931779741
2385,95721,1830,,4.3478142076502735
2386,95722,4934,,4.204094041345764
2387,95724,394,,4.336294416243655
2388,95726,1216,,3.8741776315789473
2389,95728,1566,,3.9013409961685825
2390,95735,5280,,4.319412878787879
2391,95736,2202,,4.29700272479564
2392,95741,585,,3.864102564102564
2393,95742,2560,,4.3484375
2394,95746,4478,,4.188030370701206
2395,95747,5056,,4.421776107594937
2396,95757,7841,,4.1905369213110575
2397,95758,7641,,4.163263970684465
2398,95759,3587,,4.059241706161138
2399,95762,4902,,4.259791921664626
2400,95763,4237,,4.22669341515223
2401,95765,5723,,4.193866853049101
2402,95776,2714,,4.221997052321297
2403,95798,2958,,4.052400270453009
2404,95799,2501,,4.055377848860456
2405,95812,6644,,3.915111378687538
2406,95813,2653,,4.326988315114964
2407,95814,17708,,4.095380618929298
2408,95815,8343,,4.321347237204843
2409,95816,17632,,4.158263384754991
2410,95817,12409,,4.132041260375534
2411,95818,14604,,4.180121884415229
2412,95819,11835,,4.2080692860160545
2413,95820,8966,,4.186036136515726
2414,95821,10094,,4.3695759857341
2415,95822,12175,,4.144517453798768
2416,95823,5660,,4.123763250883393
2417,95824,9974,,4.178564267094446
2418,95825,10874,,4.304165900312673
2419,95826,10438,,4.1341732132592455
2420,95827,5723,,4.0933077057487335
2421,95828,7687,,4.200403278262001
2422,95829,7389,,4.188523480849912
2423,95830,4262,,4.18629751290474
2424,95831,3753,,4.055955235811351
2425,95832,5999,,4.0897649608268045
2426,95833,11079,,4.310407076450943
2427,95834,10301,,4.303756916804193
2428,95835,6907,,4.04842912986825
2429,95836,6244,,4.2021941063420885
2430,95837,2728,,3.312683284457478
2431,95838,9274,,4.433847315074401
2432,95840,9806,,3.9545686314501327
2433,95841,4910,,4.153665987780041
2434,95842,6807,,4.361466137799324
2435,95843,5364,,4.332774049217003
2436,95851,2701,,4.33598667160311
2437,95852,2701,,4.33598667160311
2438,95853,2701,,4.33598667160311
2439,95860,1694,,3.538370720188902
2440,95864,8276,,4.156174480425326
2441,95865,1331,,3.827573253193088
2442,95866,1331,,3.827573253193088
2443,95867,10677,,4.130701507914208
2444,95887,6644,,3.915111378687538
2445,95894,5683,,3.905683617807496
2446,95899,3274,,4.126756261453879
2447,95901,1420,,4.465492957746479
2448,95903,894,,4.2192393736017895
2449,95910,320,,4.31875
2450,95912,1106,,3.9475587703435804
2451,95913,1327,,3.9517709118311983
2452,95914,861,,4.164343786295006
2453,95915,794,,4.18198992443325
2454,95916,1134,,4.208994708994709
2455,95917,971,,4.194644696189496
2456,95918,852,,4.22887323943662
2457,95919,228,,4.302631578947368
2458,95920,1577,,4.167406467977171
2459,95922,1150,,4.378695652173913
2460,95923,767,,4.239895697522816
2461,95924,2210,,4.0380090497737555
2462,95925,180,,4.336111111111111
2463,95926,2416,,4.265935430463577
2464,95927,2246,,4.3604185218165625
2465,95928,3180,,4.205974842767295
2466,95929,2379,,4.162673392181589
2467,95930,188,,4.4787234042553195
2468,95932,1097,,3.9890610756608935
2469,95934,521,,4.144913627639156
2470,95935,1853,,4.120885051268214
2471,95936,843,,4.298339264531435
2472,95937,446,,3.5179372197309418
2473,95938,2345,,4.2991471215351815
2474,95939,1964,,4.295824847250509
2475,95940,1149,,3.9434290687554396
2476,95941,134,,4.384328358208955
2477,95942,1139,,4.416154521510097
2478,95943,1540,,4.216233766233766
2479,95944,311,,4.315112540192926
2480,95945,2580,,4.175387596899225
2481,95946,1556,,4.0620179948586115
2482,95947,898,,4.417037861915367
2483,95948,697,,4.2252510760401725
2484,95949,2730,,4.184981684981685
2485,95950,147,,3.925170068027211
2486,95951,52,,4.230769230769231
2487,95953,717,,4.329149232914923
2488,95954,1179,,4.273960983884648
2489,95955,1205,,3.9979253112033195
2490,95956,564,,4.125886524822695
2491,95957,1569,,4.14308476736775
2492,95958,479,,3.933194154488518
2493,95959,2188,,4.2721663619744055
2494,95960,2300,,4.198478260869566
2495,95961,1038,,4.308285163776493
2496,95962,410,,4.202439024390244
2497,95963,1455,,4.254982817869416
2498,95965,1110,,4.048648648648649
2499,95966,965,,4.148704663212436
2500,95967,1061,,3.839302544769086
2501,95968,404,,3.9418316831683167
2502,95969,1079,,3.9981464318813718
2503,95970,1622,,3.8853267570900125
2504,95971,597,,4.255443886097153
2505,95972,105,,4.457142857142857
2506,95973,2262,,4.354332449160036
2507,95974,1067,,4.192596063730084
2508,95975,2104,,3.991444866920152
2509,95976,1950,,3.6961538461538463
2510,95977,621,,3.919484702093398
2511,95978,180,,3.977777777777778
2512,95979,1993,,4.08354239839438
2513,95980,802,,4.348503740648379
2514,95981,709,,4.2475317348378
2515,95982,1086,,4.334714548802946
2516,95983,853,,4.293669402110199
2517,95984,909,,4.273927392739274
2518,95986,2327,,4.240008594757198
2519,95987,1661,,3.9903672486453945
2520,95988,1414,,3.9734794908062234
2521,95991,1332,,4.529654654654655
2522,95992,2367,,3.9157160963244615
2523,95993,1676,,4.459427207637232
2524,96001,3841,,4.242124446758656
2525,96002,2850,,4.301228070175439
2526,96003,3065,,4.3171288743882545
2527,96006,577,,4.3214904679376085
2528,96007,889,,3.795275590551181
2529,96008,2164,,4.263863216266174
2530,96009,579,,4.304835924006908
2531,96010,490,,4.15
2532,96011,2787,,4.26264800861141
2533,96013,2042,,4.317580803134182
2534,96014,1188,,3.875841750841751
2535,96015,500,,4.35
2536,96016,488,,4.086065573770492
2537,96017,2463,,4.306536743808364
2538,96019,749,,4.074766355140187
2539,96020,828,,4.1352657004830915
2540,96021,1096,,4.092609489051095
2541,96022,2062,,4.302133850630456
2542,96023,1715,,4.206413994169096
2543,96024,436,,4.237385321100917
2544,96025,1863,,4.345142243692968
2545,96027,2649,,4.216308040770102
2546,96028,560,,4.192857142857143
2547,96029,1441,,4.188410825815406
2548,96031,1240,,4.099596774193548
2549,96032,2392,,4.239548494983278
2550,96033,2010,,4.327363184079602
2551,96034,2763,,4.207021353601158
2552,96035,1134,,4.186507936507937
2553,96037,897,,4.069119286510591
2554,96038,1209,,3.9433416046319274
2555,96039,1731,,4.274985557481225
2556,96040,541,,4.1377079482439925
2557,96041,558,,4.336021505376344
2558,96044,1754,,4.062428734321551
2559,96046,149,,4.261744966442953
2560,96047,2211,,4.367706919945726
2561,96048,1245,,4.3506024096385545
2562,96049,1022,,4.167318982387475
2563,96050,1728,,4.041087962962963
2564,96051,2671,,4.2905278921752155
2565,96052,436,,4.092889908256881
2566,96054,219,,4.436073059360731
2567,96055,1415,,4.188339222614841
2568,96056,578,,4.188581314878893
2569,96057,2671,,4.274054661175589
2570,96058,2508,,4.271730462519936
2571,96059,735,,4.244897959183674
2572,96061,788,,4.201776649746193
2573,96062,2171,,4.292031321971442
2574,96063,656,,4.085365853658536
2575,96064,2705,,4.224768946395564
2576,96065,1284,,4.309190031152648
2577,96067,3067,,4.13058363221389
2578,96068,538,,4.328066914498141
2579,96069,2072,,4.353764478764479
2580,96070,876,,4.099885844748859
2581,96071,467,,4.044967880085653
2582,96073,2309,,4.262234733650931
2583,96074,346,,3.758670520231214
2584,96075,1163,,4.222699914015477
2585,96076,1384,,4.272037572254336
2586,96078,1455,,4.188316151202749
2587,96079,398,,4.4120603015075375
2588,96080,1598,,4.1639549436796
2589,96084,842,,3.965558194774347
2590,96085,2675,,4.223551401869159
2591,96086,1216,,4.246299342105263
2592,96087,2268,,4.378086419753086
2593,96088,686,,4.284985422740525
2594,96089,703,,4.124466571834993
2595,96090,77,,4.162337662337662
2596,96091,2077,,4.305007221954742
2597,96092,884,,4.0588235294117645
2598,96093,395,,3.8468354430379748
2599,96094,2765,,4.206509945750452
2600,96095,2461,,4.199106054449411
2601,96096,790,,4.139873417721519
2602,96097,1215,,3.945267489711934
2603,96099,2211,,4.367706919945726
2604,96101,487,,4.128336755646817
2605,96103,812,,4.0
2606,96104,370,,3.968918918918919
2607,96105,966,,4.261904761904762
2608,96106,791,,4.034134007585335
2609,96107,926,,4.241360691144709
2610,96108,417,,4.026378896882494
2611,96109,905,,4.377900552486188
2612,96110,339,,3.9365781710914454
2613,96111,4833,,4.240844196151459
2614,96112,415,,3.983132530120482
2615,96113,1126,,4.38854351687389
2616,96114,913,,4.027382256297919
2617,96115,326,,3.854294478527607
2618,96116,383,,3.993472584856397
2619,96117,1021,,4.28256611165524
2620,96118,1661,,4.259783263094521
2621,96119,624,,4.198717948717949
2622,96120,2626,,4.430883472962681
2623,96121,949,,4.070600632244468
2624,96122,709,,3.9647390691114244
2625,96123,947,,4.122492080253432
2626,96124,734,,4.3358310626703
2627,96125,841,,4.3115338882283
2628,96126,1540,,4.2844155844155845
2629,96127,815,,3.934355828220859
2630,96128,1180,,4.409322033898305
2631,96129,690,,4.248550724637681
2632,96130,1139,,4.340649692712906
2633,96132,970,,4.340721649484536
2634,96133,410,,4.280487804878049
2635,96134,932,,4.458154506437769
2636,96135,1333,,4.261065266316579
2637,96136,1140,,4.397368421052631
2638,96137,732,,4.293715846994536
2639,96140,4902,,3.8445532435740515
2640,96141,3763,,4.029896359287802
2641,96142,909,,3.958195819581958
2642,96143,4121,,3.709657850036399
2643,96145,5701,,3.924925451675145
2644,96146,4825,,3.9940932642487046
2645,96148,1541,,3.556456846203764
2646,96150,14878,,4.296578841242103
2647,96151,5227,,3.8929596326764875
2648,96152,5227,,3.8929596326764875
2649,96154,5227,,3.8929596326764875
2650,96155,2803,,4.218515875847307
2651,96156,5227,,3.8929596326764875
2652,96157,5227,,3.8929596326764875
2653,96158,5227,,3.8929596326764875
2654,96160,7174,,3.896501254530248
2655,96161,4813,,4.0656555163099934
2656,96162,4634,,4.074881312041433
